Trial,B1,B2,B3,B4,B5,B6,B7,B8,B9,C1,C2,C3,C4,C5,C6,C7,C8,C9,C10,Total_Volume,Total_Mass,Internal_Energy,SEA
1,3.0144,3.0139,2.8944,2.8873,4.3133,4.6804,2.8837,3.0046,2.8238,3.0974,2.9587,2.9436,2.802,2.8328,2.9723,2.856,3.0655,80.3884,105.381,1710826.87894615,4.63634084194407,415894.25,89703.1223928762
2,3.0734,3.0919,2.8549,3.0894,4.653,4.6638,2.8243,2.9492,2.8704,2.9694,3.0296,3.0581,2.8296,3.0424,3.1045,2.8696,3.0582,79.5033,104.8175,1738505.77341741,4.71135064596117,437325.375,92823.7798167069
3,3.194,2.9064,2.8003,2.8671,4.643,4.5628,2.9219,2.9614,2.8062,2.9174,3.0948,3.0013,3.0378,2.9436,3.163,2.9286,2.9471,79.7049,105.4113,1718663.9766642,4.65757937675998,412869.0625,88644.5574196977
4,2.8519,3.1588,3.0031,2.9899,4.6351,4.6791,3.0292,3.007,2.8455,2.8478,3.0795,3.0803,2.9626,3.07,3.131,3.0335,2.977,80.0911,104.6428,1758366.98884036,4.76517453975737,433710.0,91016.6031446318
5,3.0849,3.1972,3.1861,3.0942,4.5101,4.4131,3.0846,3.0562,2.8822,3.0031,2.8795,3.1707,3.0191,2.8981,3.1555,3.0653,3.0293,80.0148,104.7704,1761617.21579975,4.77398265481732,443636.21875,92927.9075411672
8,3.0103,3.0812,2.8942,2.9629,4.5068,4.6701,3.1445,2.9173,2.929,3.197,2.8501,3.0569,3.1836,3.1228,2.9689,2.8134,3.0344,79.9553,105.0011,1746923.24777775,4.73416200147769,430992.3125,91038.7756831035
13,3.0839,3.0568,3.011,3.1445,4.5489,4.386,2.8908,2.9981,2.8869,3.0049,3.1324,2.9092,3.098,2.9095,3.1195,2.9279,3.109,79.672,105.3064,1738363.36153764,4.710964709767,432850.625,91881.525688909
14,3.0465,3.1637,2.9385,2.8539,4.6441,4.3015,3.1205,3.153,3.1263,3.1199,3.0309,3.1549,3.0608,2.9127,2.8384,2.8016,2.8726,79.8224,105.4452,1745545.79839896,4.73042911366119,406050.875,85838.0635759555
15,3.0815,2.9257,2.9678,3.1476,4.3404,4.336,3.164,2.8541,3.0243,3.0772,3.1529,3.005,3.1911,3.0017,3.1131,3.0806,2.9469,80.4624,104.63,1730898.8586134,4.6907359068423,418977.375,89320.1798866664
16,3.0942,2.9207,3.1828,2.8022,4.6511,4.3084,3.0863,2.8595,2.8521,3.1918,3.0834,3.0696,3.1265,3.1715,3.1466,3.1254,3.006,79.9938,104.9847,1743281.21642933,4.72429209652349,443873.46875,93955.5513675027
17,3.1966,3.158,3.0111,2.9266,4.6097,4.4839,3.0708,2.8202,2.8667,2.9509,2.968,3.0765,3.0554,3.0688,3.0531,2.9651,2.9246,79.6911,104.6027,1742130.80074024,4.72117447000605,440529.46875,93309.2965635382
18,2.995,3.1525,3.1209,3.1052,4.4448,4.5609,3.0703,3.1503,2.8131,2.8372,2.9784,3.1906,3.136,3.1809,2.8727,3.1815,3.1507,79.9618,104.7953,1766414.76767022,4.78698402038629,436026.09375,91085.7633727414
19,3.1309,2.8669,3.0538,2.9885,4.3877,4.3514,2.9197,3.0284,2.9361,2.8641,3.1071,3.1426,3.0099,2.9921,3.0479,2.9025,2.8609,80.3395,104.8249,1712671.04427131,4.64133852997526,432162.21875,93111.548739433
20,2.9168,3.1438,2.9929,2.9773,4.5151,4.6051,3.0112,2.8513,3.1982,2.9223,3.0956,3.0085,2.8079,2.8675,3.0548,3.0388,3.0308,79.8027,104.7829,1748995.51389605,4.73977784265829,445178.125,93923.8377363111
21,3.1123,3.053,3.0155,2.8121,4.3332,4.5973,3.1327,3.1338,2.8027,2.941,2.8898,2.8534,3.0223,2.8193,2.8476,3.0103,3.14,80.125,105.3542,1732219.58228842,4.69431506800162,414666.0625,88333.6666783476
22,3.0366,3.1101,2.8434,3.0724,4.6668,4.5488,2.808,3.1276,2.9005,2.9482,3.0495,3.1997,2.9425,2.9207,3.1346,3.1376,2.9765,79.5961,104.7941,1746021.5860529,4.73171849820336,433829.9375,91685.4917858545
23,2.8874,3.0523,2.8156,2.9657,4.4863,4.6728,3.19,2.8247,3.1818,3.1498,2.8954,2.919,2.9216,2.8726,2.902,3.0545,2.9593,79.7264,104.9927,1739142.36770863,4.71307581649039,424302.0,90026.5594106139
24,3.1552,2.8159,2.8017,2.9097,4.5376,4.4935,3.1317,2.9269,3.1834,3.0813,3.0112,3.1951,3.1054,2.8101,2.9381,3.1341,2.8874,79.8423,105.43,1728594.07505354,4.68448994339508,416078.5,88820.4489768735
25,2.9326,3.1279,2.991,2.9921,4.5689,4.6867,3.0075,3.1715,2.9578,3.0672,3.183,2.946,2.9906,2.8251,2.8694,2.8983,2.9008,79.7594,104.5853,1755639.93842408,4.75778423312926,423496.9375,89011.3794045385
26,2.8448,2.9533,3.12,2.8682,4.6268,4.4467,3.0526,2.9332,3.0418,3.0628,3.0866,2.8271,2.9518,2.8888,2.9295,3.085,3.0779,80.0525,104.82,1742065.28637288,4.72099692607051,419515.28125,88861.5874611849
27,3.1307,3.1957,2.9154,3.0987,4.6079,4.5586,2.9136,2.8064,3.1161,2.8569,3.0758,2.9901,2.9121,3.1996,3.158,2.9034,2.848,79.8295,104.9097,1746516.04330741,4.73305847736309,426868.625,90188.7494189212
28,2.8465,3.1319,2.9548,3.1132,4.5275,4.3098,2.8229,3.1508,3.0184,2.8585,2.8002,2.9076,3.0083,3.0613,3.1051,2.9143,3.044,79.8076,105.2763,1730260.81311371,4.68900680353815,418267.8125,89201.79262363
29,3.1997,3.062,2.8401,3.1231,4.4128,4.5087,2.8544,3.1723,2.9857,3.1819,2.9351,2.9282,3.0824,3.1597,3.1014,3.1164,2.8618,80.1063,105.272,1739586.83949631,4.714280335035,421464.6875,89401.7023908848
30,2.8464,3.1507,3.1169,3.1302,4.4161,4.691,2.9099,3.1878,2.8639,3.1741,3.1575,3.0013,3.0676,3.1227,3.1347,2.9805,3.1672,79.5852,104.9706,1770713.62385119,4.79863392063672,424799.875,88525.168209463
31,3.1618,2.9998,2.8182,3.148,4.6273,4.3113,2.8213,3.0467,2.9566,3.0371,3.004,2.8614,2.8811,3.0493,3.1956,2.8563,3.1445,79.6209,105.2008,1724180.04613533,4.67252792502674,426833.65625,91349.6212540147
32,3.0161,3.1074,2.9664,2.9069,4.5472,4.6884,3.1568,2.8286,3.1276,2.9147,2.9472,2.8408,3.0148,2.9323,3.1408,2.8531,3.0259,80.2422,105.143,1751553.96919859,4.74671125652818,436424.0,91942.3947264084
33,2.8435,2.9686,2.9886,3.0505,4.5223,4.5853,2.9359,3.0499,2.8992,2.823,3.0132,2.9438,2.9157,2.9862,3.0572,3.148,2.907,80.3728,105.3861,1733211.03463378,4.69700190385754,424342.0,90343.1611665939
34,2.9971,3.064,2.9377,3.1093,4.6779,4.582,2.8235,2.8845,3.0538,3.1143,2.919,2.9247,2.945,3.0287,3.1115,2.9635,2.8729,80.305,105.3462,1742102.58210609,4.72109799750751,425843.03125,90199.9982789644
35,2.9925,3.1837,2.8671,3.0819,4.3629,4.3202,2.8161,3.1169,3.1015,3.1661,3.0285,3.1162,3.1326,3.0041,2.8289,3.0643,3.0072,79.7897,105.2996,1732220.4524357,4.69431742610076,418238.5,89094.6355000543
36,2.9158,2.9738,2.8924,2.8514,4.6884,4.4481,3.0937,2.8505,3.0614,3.0497,3.0455,2.8477,2.9171,3.0652,3.0411,2.8698,2.9376,79.9803,104.6277,1728383.76391527,4.68392000021037,414488.09375,88491.7107319048
37,2.8863,2.9992,2.8709,2.867,4.5092,4.3575,2.8036,2.9738,3.1274,2.9786,2.8163,3.0419,2.9784,3.0328,2.8439,3.1502,3.0402,80.1639,105.4814,1714274.10428747,4.64568282261903,410937.4375,88455.7670401466
38,3.0036,2.8931,2.8185,2.8285,4.6677,4.6887,3.1441,3.0168,2.9703,3.1723,3.0081,3.1655,3.0918,3.1646,3.0545,3.1725,3.0729,79.8338,104.5629,1755342.239518,4.75697746909377,426715.9375,89703.1655651906
39,2.9961,3.1659,2.8186,2.8859,4.3423,4.5124,3.0111,3.0562,2.8824,3.0355,3.0873,2.8662,3.1463,2.8835,3.0112,3.001,3.0682,79.5619,105.1967,1727306.9258233,4.68100176898114,439269.15625,93840.8438896212
40,3.1021,3.0362,3.1697,3.1803,4.3257,4.3134,3.1602,3.1789,2.8173,2.9947,3.1335,2.9797,2.9184,2.9263,2.9849,3.1147,2.9432,80.1746,104.9851,1741677.70730289,4.71994658679084,430079.8125,91119.6354856247
41,3.1543,2.886,2.8946,3.0701,4.6794,4.5026,2.9479,2.9225,3.1376,2.8569,2.851,3.0827,2.9804,2.9953,3.1955,2.8837,2.8439,79.7279,105.2264,1731427.5806487,4.69216874355799,426109.09375,90812.823885547
42,2.921,2.8252,2.9738,3.0038,4.5017,4.3073,3.1902,3.0644,2.8996,3.1557,2.9828,2.9557,2.9338,3.0243,2.9741,2.8439,3.1837,80.2419,105.1671,1723137.58426784,4.66970285336585,422970.71875,90577.6517332638
43,3.1372,3.118,3.0457,2.8473,4.6526,4.3722,2.9074,2.8444,2.8708,3.0088,3.0755,2.8346,3.193,3.1713,3.1879,3.1674,2.923,79.5482,104.8163,1740797.03278193,4.71755995883904,433320.25,91852.6216477888
44,3.1299,2.8196,2.9756,3.1317,4.6989,4.5758,3.1195,3.1557,2.9014,3.1706,3.0347,3.1463,2.8359,3.081,2.83,3.1799,3.1782,79.701,105.4376,1760134.22492158,4.76996374953747,429860.21875,90118.1311475757
45,3.0716,3.0886,2.8499,3.0323,4.3363,4.3703,2.8943,3.1471,3.0828,3.0059,3.1813,2.8451,2.9197,3.1267,2.9044,2.9116,3.1327,80.3813,105.172,1727051.19333003,4.68030873392439,412387.53125,88111.181269065
48,2.9071,2.9172,2.8248,2.9093,4.6449,4.5804,2.898,3.1244,3.1485,2.9735,2.8798,2.9685,3.0115,3.0669,3.0658,2.9091,3.0362,80.2969,105.4055,1737168.14195028,4.70772566468526,417624.34375,88710.4248411893
51,2.9056,2.8978,3.1623,2.8461,4.3598,4.6464,3.1156,2.9994,2.8302,3.1625,2.9634,2.8547,2.9668,3.1916,2.8612,2.9851,2.9633,79.538,104.682,1732784.66762276,4.69584644925768,435215.375,92680.9212572951
52,3.0172,3.0178,3.0708,3.1329,4.6326,4.5158,2.8416,2.9323,3.0993,3.043,3.0848,3.0848,3.1164,3.1463,3.0873,2.9235,2.941,80.2308,105.0974,1754171.60565277,4.753805051319,427801.65625,89991.4177446762
53,2.8599,3.1948,2.8548,2.9431,4.5909,4.667,3.0884,3.095,3.1637,3.1265,3.104,2.9255,2.9825,2.8754,2.9168,2.9189,2.997,79.913,105.3527,1761231.55262973,4.77293750762656,423851.875,88803.1478146817
54,3.1884,3.1121,3.1961,3.1822,4.3017,4.6404,3.1926,3.1386,2.8702,2.8408,2.8614,2.9867,2.808,3.0781,2.8166,2.8002,3.1166,80.1575,105.197,1754739.22749647,4.75534330651543,440266.1875,92583.4706606311
55,3.1359,2.9743,3.1475,2.8583,4.5741,4.3707,2.8905,2.8293,3.1348,3.1631,2.8822,2.871,3.0903,3.1956,2.8898,2.9121,3.0521,79.862,105.2329,1734968.51396654,4.70176467284932,413866.34375,88023.6193316736
56,2.8982,3.0296,3.0188,2.8727,4.5765,4.4738,3.0709,3.0168,2.867,3.0083,2.9491,3.0097,3.006,3.112,3.0286,3.1153,3.0273,79.604,104.8685,1740686.69372512,4.71726093999508,423239.9375,89721.5445326715
57,3.0417,2.8714,3.1242,2.8026,4.3161,4.3922,3.0689,2.8432,2.9114,2.9781,3.1269,3.1729,2.8836,3.1478,2.9149,2.9907,2.897,80.1767,105.2162,1709267.8387581,4.63211584303445,412876.25,89133.4033929362
58,3.0639,3.1703,2.835,2.9426,4.4443,4.4055,3.0201,3.0014,2.902,2.8593,2.9858,2.8071,2.8563,2.9815,2.888,3.0227,2.8252,80.0432,105.2825,1713747.29691139,4.64425517462987,434870.0625,93636.1259552578
59,2.8477,2.9801,3.08,3.1357,4.6175,4.3865,2.9406,3.1498,2.8413,3.1314,2.8867,2.9241,3.0027,2.8181,3.035,3.0948,3.023,79.772,105.3841,1740056.64455469,4.71555350674321,426366.3125,90417.023556259
60,3.0806,3.1095,2.8235,2.8074,4.581,4.3721,3.1668,2.8621,2.9767,2.8849,2.9701,3.1959,3.0535,3.1065,2.81,2.9738,2.9856,80.469,105.2453,1726067.32270305,4.67764244452526,417586.40625,89272.8358788401
61,3.1139,3.0147,2.8631,2.9596,4.4744,4.6556,3.0597,2.8159,2.8417,2.9647,3.1691,2.8244,2.8249,3.0208,3.0429,2.9177,3.0483,80.0823,104.9974,1724683.21310924,4.67389150752603,438019.375,93716.2050712323
62,3.0212,2.8346,3.004,2.8801,4.6169,4.4063,3.1796,3.1234,2.8276,2.8442,2.841,3.0743,2.9051,2.9156,3.1539,2.9224,2.8912,80.2915,105.1062,1723170.01490384,4.6697907403894,414492.78125,88760.4615052701
65,3.1846,2.9873,3.1663,3.0781,4.5556,4.6898,2.8611,2.9956,3.1734,3.1619,2.8371,3.0065,2.8313,2.8193,2.8133,2.938,3.1159,79.7939,104.7385,1757032.02527915,4.76155678850649,425699.71875,89403.4740439428
66,3.1609,2.9853,2.8688,2.8096,4.3657,4.3266,2.8705,3.1248,2.8524,2.809,3.1697,3.0358,2.9377,3.0949,2.8051,3.1691,2.9183,79.9671,104.5678,1703456.18535099,4.61636626230118,425027.59375,92069.7296531517
69,2.8124,3.0559,2.8137,2.9905,4.5317,4.6858,2.8269,2.9474,3.0719,3.1813,2.9361,2.8638,2.8209,2.8676,3.1752,2.9919,3.0814,80.0623,105.3161,1733002.18131599,4.69643591136634,424538.75,90395.9423724976
70,3.0777,2.9506,3.186,3.1175,4.4115,4.582,2.9646,2.928,3.0949,2.9966,3.0344,2.8792,2.9102,2.9557,3.0291,3.0033,3.1819,80.4272,105.0568,1750403.92643151,4.74359464062939,420867.59375,88723.3470889827
71,2.9978,3.0258,2.8519,3.022,4.376,4.6088,2.9104,3.0469,3.1204,2.9078,3.0099,3.1932,3.0449,3.0135,3.0026,2.954,2.8684,80.2327,104.8577,1731164.82405592,4.69145667319155,423276.40625,90222.8104692373
72,2.9662,2.9174,2.9335,3.1299,4.5006,4.3583,3.0125,3.1775,2.9722,2.9147,3.0065,3.1989,3.1729,2.8646,2.8826,2.8329,2.8224,80.258,105.0148,1723925.68145023,4.67183859673014,434657.03125,93037.6814717487
73,2.9366,2.8502,3.0062,3.0736,4.6465,4.3482,2.8762,3.1787,3.0916,2.9551,3.0008,2.9004,3.0614,3.1461,3.0052,2.8957,2.8781,80.3256,104.7313,1733226.56475757,4.69704399049301,434577.96875,92521.5879667301
74,3.1981,2.811,3.098,2.9865,4.3252,4.4274,3.0859,2.8403,3.0691,2.9568,3.0877,2.9178,3.0426,3.0955,3.0359,2.8575,2.8388,79.5777,105.3145,1716487.03971309,4.65167987762248,431381.875,92736.7932336057
75,3.1101,2.8249,2.9803,3.0938,4.6165,4.4811,2.9718,2.9479,3.1831,3.1427,2.991,2.9678,3.0773,3.1158,3.1304,2.8965,2.9416,79.8611,105.3672,1742510.34177714,4.72220302621605,435448.1875,92212.9322018856
76,2.9442,2.9653,3.0175,3.009,4.4615,4.4967,2.8031,3.011,2.8455,3.0874,2.8445,3.0941,3.1903,3.0829,3.1797,2.8707,2.8195,80.4162,105.2297,1721215.97193396,4.66449528394103,443885.0625,95162.5064405601
77,2.8647,2.8817,2.9163,3.1887,4.5201,4.6152,2.8232,2.9937,3.174,2.8778,2.8396,2.9243,3.0805,3.0804,3.1949,3.1331,2.8917,80.1799,104.6449,1737921.97716636,4.70976855812084,425255.5625,90292.2420182943
78,3.0971,2.863,3.0424,2.8645,4.5677,4.6368,2.9312,3.0276,3.0186,3.0618,2.8756,3.1271,2.8644,3.0043,2.858,2.8534,2.8996,79.5049,105.2303,1729226.40154324,4.68620354818218,405741.6875,86582.1732513926
79,3.0954,3.0616,3.0542,3.1898,4.4552,4.4995,2.8467,3.1564,2.8833,3.0776,3.022,2.8952,3.0836,2.881,3.136,2.8724,2.9474,80.1828,105.1502,1741788.56129422,4.72024700110733,435543.90625,92271.4226920381
80,3.1805,3.1789,2.9468,2.9191,4.4967,4.5161,3.1574,3.1885,3.1884,3.0264,3.0173,3.1434,2.8697,3.162,2.9894,3.1156,3.1419,80.2562,105.1128,1772750.87383907,4.80415486810388,441543.375,91908.6472277421
81,3.0499,2.8228,3.1445,2.9295,4.5221,4.5846,2.8761,3.1344,2.8299,2.8793,3.1422,3.102,2.881,2.8482,2.9592,3.0758,2.9998,80.363,105.0599,1732105.65235901,4.6940063178929,439651.25,93662.262090298
82,2.9094,2.9768,2.9968,3.0055,4.6386,4.6334,3.1771,3.1441,2.9072,3.1129,2.8731,2.9025,2.8171,2.8481,3.0475,3.0019,2.8681,79.6455,104.9981,1748620.78989676,4.73876234062021,420528.875,88742.3434163954
85,2.9136,3.0323,3.0034,3.0863,4.6416,4.6923,3.0575,2.8902,2.8492,3.0759,2.9606,3.033,3.1962,3.1606,3.1478,3.034,2.854,80.2591,104.7442,1756969.96213013,4.76138859737266,437071.9375,91795.0569590511
86,3.1161,3.0122,2.8121,3.0719,4.6515,4.4746,2.8835,3.142,2.9243,3.1632,3.1641,2.908,3.152,2.8995,2.9094,3.1537,2.9834,80.1927,104.5891,1743528.29065702,4.72496166768053,435109.15625,92087.3409886506
87,3.1799,2.8572,3.0201,2.9065,4.6622,4.5334,2.9506,3.1291,2.8165,3.1098,2.9463,3.107,3.1737,3.066,3.1402,3.0702,2.9373,80.3299,104.6509,1745168.44162808,4.72940647681209,430794.25,91088.4382875843
96,2.8214,3.011,3.1263,3.1104,4.5915,4.4743,2.9547,2.887,2.8499,3.0396,3.1,3.057,2.8682,2.8558,2.9081,2.97,3.0429,80.0075,105.1239,1734488.92122086,4.70046497650854,423399.75,90076.1418532039
97,3.1092,2.8836,2.9009,2.891,4.5929,4.5602,2.9091,2.928,2.9269,3.1471,3.1451,2.9363,3.0173,2.896,3.1981,2.8048,2.889,80.4345,104.5404,1722373.468357,4.66763209924747,420325.71875,90051.1672326888
98,3.0559,2.9209,2.8439,3.152,4.5083,4.5057,3.1496,3.1932,2.8499,3.082,3.1834,3.1234,3.1363,3.148,2.922,3.1489,2.8042,79.7538,104.9285,1744230.29684783,4.72686410445761,423213.78125,89533.7314332549
99,2.9442,3.0228,2.8711,2.8993,4.6198,4.4088,2.8831,2.8307,3.1596,3.0058,2.9066,2.9234,2.9885,2.8731,2.8957,2.9884,3.1805,79.634,105.441,1723411.93230552,4.67044633654795,425707.5,91149.2113010021
100,2.8212,3.1916,3.0586,3.0806,4.6775,4.4521,3.1764,2.9222,3.007,3.0496,3.1978,2.9377,3.0131,3.156,3.0504,3.0238,3.1701,80.1894,105.4536,1772645.21952643,4.80386854491663,421740.34375,87791.8160762909
101,2.9245,3.1802,3.0537,2.8861,4.3143,4.4252,3.0166,3.0312,2.9947,2.9773,3.087,2.9806,3.0023,3.0383,3.0281,2.9792,3.1045,80.3406,105.3634,1738068.12834233,4.71016462780772,421947.03125,89582.2258013918
102,2.8961,3.0483,2.9859,2.8687,4.4901,4.6361,3.0972,2.915,2.8115,3.0774,3.0258,3.1316,2.9172,2.8993,2.8624,2.9662,2.9411,80.0002,105.2721,1729941.76632994,4.68814218675415,415311.5,88587.6501726887
103,2.9737,2.8938,3.1317,3.1946,4.5373,4.4167,3.0661,3.0738,2.8543,3.0121,2.8554,2.9097,2.9407,2.9573,3.051,3.179,3.0192,79.5802,104.7639,1741353.39178393,4.71906769173445,438014.34375,92817.9827801986
104,3.1481,2.9403,3.1921,3.1388,4.5808,4.4876,3.147,3.058,3.1295,3.1035,2.9269,3.0845,2.9121,3.0497,3.1976,2.924,2.8758,79.6702,105.3222,1764242.70400778,4.7810977278611,429907.9375,89918.2493164235
105,3.1723,2.9033,3.0357,2.8132,4.3091,4.6528,3.0517,2.9059,2.92,3.1873,3.0583,2.9643,2.8917,3.0034,3.1943,2.8385,3.0882,79.8138,104.8882,1727092.25870345,4.68042002108634,411346.21875,87886.6035306218
106,2.9633,3.0155,3.1744,3.0836,4.5834,4.3535,2.9556,3.1959,3.162,3.1167,3.0543,2.9672,2.8224,2.8918,2.8368,2.9554,3.1122,79.5179,105.1211,1754378.10579699,4.75436466670985,420176.65625,88377.0357776897
107,3.0879,3.0978,3.0572,3.087,4.3289,4.4981,2.9321,2.9017,2.9325,2.9074,2.8616,2.8133,2.8651,3.1987,2.829,3.0943,2.982,79.7803,105.2086,1725165.42444024,4.67519830023305,429366.78125,91839.2662036596
108,2.86,2.8636,2.8278,3.14,4.3669,4.4265,3.1001,3.004,3.0137,2.9228,2.8919,3.1796,2.9483,2.8568,3.1612,3.1809,2.8087,80.2888,105.0054,1714146.6385668,4.64533739051604,419813.75,90373.1450932058
109,3.0119,2.8517,3.1804,3.1768,4.6152,4.5994,3.1429,3.1075,3.1716,2.9725,2.9995,3.0765,3.1141,3.1668,3.0557,2.9225,3.1849,79.5346,105.4638,1779151.60981508,4.82150086259886,433807.28125,89973.4944807562
110,2.9168,3.1573,2.8094,3.0584,4.6284,4.4835,2.9839,2.9245,2.976,3.0958,3.1426,2.8896,3.1842,2.996,2.9973,2.9411,2.9485,79.8674,105.1265,1741099.49993759,4.71837964483088,419987.875,89011.0390884102
111,3.0767,3.001,3.0155,2.8277,4.6062,4.3732,3.0174,2.866,2.9922,2.8494,3.1487,2.941,3.0366,2.8497,3.0189,2.9663,2.8325,80.302,105.3671,1722599.75864147,4.66824534591839,408519.0625,87510.1954221799
112,3.0495,2.9993,2.895,2.9196,4.5746,4.5755,3.0376,2.9083,2.9767,3.0329,2.9858,3.0213,3.1454,2.8257,2.8755,3.0025,2.8236,80.4875,104.872,1730470.14715281,4.68957409878412,417984.5625,89130.6019897141
113,2.8989,3.0274,2.8567,3.1114,4.6383,4.526,2.886,2.8846,2.8689,3.1628,2.8467,2.9077,3.0471,2.8273,3.0531,3.0492,2.8953,80.4433,104.9442,1725384.14013569,4.67579101976771,430765.96875,92126.8651504874
114,2.9849,3.172,3.0639,2.9157,4.4275,4.6573,3.1057,3.0094,3.1622,3.1774,2.9187,3.1914,3.1342,2.8941,3.0678,3.1994,2.8816,79.8378,105.3542,1769009.17905221,4.79401487523148,432502.125,90217.1011680718
115,2.9093,3.0205,2.9815,2.8963,4.3831,4.4861,2.8878,2.9479,2.8435,2.9645,3.107,2.9229,3.1741,2.9343,3.0988,2.8731,2.8048,79.66,105.3212,1711049.13280272,4.63694314989538,424524.9375,91552.7587414089
116,3.156,3.0883,2.8945,2.8371,4.6747,4.5993,2.9223,2.8412,2.9225,2.9884,3.1495,2.9411,2.9531,3.0364,2.8626,3.182,2.9032,79.7491,104.9617,1737026.53586809,4.70734191220251,418145.46875,88828.3614296363
117,3.1201,2.8013,2.9361,3.022,4.4229,4.6323,2.8812,2.8052,2.8218,3.0087,2.8143,2.8711,2.9081,2.8565,2.8224,2.842,3.0227,79.6059,104.5875,1696399.70653056,4.59724320469782,399304.90625,86857.4683719058
118,2.8157,3.0467,3.1402,2.8846,4.3828,4.4684,2.8809,3.0691,2.8379,2.8413,3.0626,2.8042,3.1192,3.09,2.9181,3.1332,3.0731,80.2476,105.0237,1730662.97056072,4.69009665021956,424342.59375,90476.3004681651
119,2.8807,2.874,2.9863,3.0488,4.5753,4.6495,3.091,3.1268,2.8232,3.0162,3.1021,2.8343,3.1766,2.9142,3.1096,2.895,2.9782,79.7485,104.8771,1744502.9092988,4.72760288419974,433973.34375,91795.64239636
120,3.1752,3.0117,2.9709,2.9512,4.6891,4.4587,3.1128,2.8673,2.9709,2.849,2.8999,3.0867,3.0498,3.1618,3.1901,2.919,3.1971,79.7607,105.2798,1748910.92297759,4.73954860126926,431258.3125,90991.4316280053
121,3.1616,3.0266,2.9089,2.8605,4.5056,4.5744,3.1597,3.05,2.824,2.9822,2.8675,2.853,3.1338,3.0995,2.8093,2.9047,2.8899,80.3873,105.1281,1731064.8029854,4.69118561609043,412378.75,87905.0167159387
153,3.1886,2.9686,3.083,2.977,4.4735,4.6132,2.9245,2.8458,2.9812,3.1667,2.8845,2.8993,2.9089,3.1847,2.8105,3.1309,3.0955,79.5399,105.0595,1739536.96315232,4.71414517014279,428179.625,90828.6888812612
154,3.0395,2.9343,2.8076,3.1722,4.6481,4.3622,2.8049,3.1071,3.1662,2.8039,2.9503,2.8908,2.9308,2.9246,3.121,3.1604,3.0312,80.1319,104.6698,1731544.06465861,4.69248441522482,417799.84375,89035.9576676362
155,2.8812,3.0022,3.0082,2.8656,4.3726,4.6476,3.0159,2.905,2.804,2.8778,2.8392,3.0458,3.107,2.9244,3.1605,2.993,3.19,79.5923,105.0949,1727391.74345223,4.68123162475555,423331.125,90431.5699230341
156,3.1007,3.1461,3.147,3.0019,4.3387,4.449,2.9667,2.8974,2.8202,2.885,2.8683,2.9252,3.0409,3.038,3.1898,3.0818,3.1053,80.0245,105.1764,1735425.18044879,4.70300223901622,440906.28125,93749.9620119741
157,3.1868,3.0602,2.8229,3.0089,4.4678,4.5736,3.1723,3.0001,2.9743,3.0872,2.8816,2.8332,2.954,2.8597,3.0494,2.8654,3.1779,79.8876,105.1297,1738661.54154229,4.71177277757961,423754.15625,89935.1849618857
158,3.1038,2.8536,2.9158,3.1747,4.3198,4.6724,3.0203,2.9342,2.9613,3.1694,2.8817,2.9082,3.1976,3.0417,2.8323,3.0589,2.9758,79.8258,104.9809,1729773.95851462,4.68768742757462,409711.875,87401.7052822104
159,3.1107,2.9016,2.9551,2.9634,4.4793,4.6672,2.8082,2.964,2.8144,3.1447,2.85,2.8285,2.9486,3.0897,2.9587,2.923,3.0035,80.3035,104.9685,1718777.67227805,4.6578874918735,431272.59375,92589.7404139602
160,3.0101,2.9975,2.8661,2.9736,4.6905,4.6768,2.9213,3.1848,2.9441,2.9228,3.0432,3.0834,2.8246,3.1625,3.0515,2.9757,2.9909,79.8688,104.5508,1749850.44965304,4.74209471855975,434546.125,91635.9015983508
161,2.9017,2.8833,2.8861,3.0989,4.6141,4.5238,2.8245,2.9181,3.0287,3.0614,2.9677,3.174,3.0913,2.9204,2.9547,3.0437,3.1426,79.9573,105.3478,1731212.46014912,4.69158576700411,416817.0625,88843.5346171163
162,3.0067,3.1007,3.0755,2.9031,4.4006,4.5221,3.0006,2.8672,3.1607,3.1529,3.1887,3.0468,2.9258,3.1442,2.8708,3.183,2.8943,80.0886,105.0347,1746898.85128072,4.73409588697075,415862.375,87844.0963024308
163,2.9745,3.1091,2.808,3.162,4.5816,4.5993,2.9743,2.9721,2.8256,2.8268,3.0295,2.8372,3.0584,2.8405,3.1589,3.0381,3.1193,80.0885,105.2554,1739387.99661798,4.71374147083474,422593.4375,89651.3820528144
164,2.9587,3.0085,2.9129,2.9752,4.3675,4.6637,2.8446,2.8399,3.1849,2.8762,3.0286,2.8465,2.9165,3.1879,2.8434,3.0137,2.9465,80.415,104.7618,1724205.84595458,4.67259784253691,434365.84375,92960.2457536059
165,3.094,2.9444,3.0332,3.1289,4.6444,4.6297,3.1614,2.854,3.0483,3.0119,2.879,3.1738,3.1653,2.8462,3.0793,2.9595,3.1292,80.2936,104.9194,1762368.16487416,4.77601772680898,435261.46875,91134.8101383228
166,2.8106,2.8521,3.0735,3.176,4.5784,4.6908,3.0229,3.0808,3.0618,3.1626,2.886,3.0627,2.9402,2.855,2.9549,2.9198,3.1981,80.0985,104.5557,1757072.27455696,4.76166586404936,422652.90625,88761.5633513966
167,2.9444,2.9136,2.9894,2.9349,4.5853,4.3246,2.8407,3.0031,2.9897,3.0391,2.9888,2.851,3.1792,2.9693,3.0277,3.0107,3.1085,80.1803,104.8684,1724441.34948124,4.67323605709417,430535.0625,92127.8226137175
168,3.168,3.1402,3.055,2.9604,4.3474,4.5295,3.0727,2.8812,3.1409,2.8379,2.8424,2.8185,3.1716,3.0039,2.9075,2.9314,2.8342,80.341,105.1114,1736753.56486502,4.7066021607842,423922.46875,90069.7476158399
169,3.0362,3.1514,3.038,3.1587,4.5893,4.6123,2.9399,2.9447,3.0759,2.9001,3.0342,3.161,3.0108,3.1945,2.8483,2.8454,3.0671,80.1418,104.6149,1761156.05997898,4.77273292254305,426518.40625,89365.6555210592
170,2.9628,2.8782,3.024,3.0994,4.3921,4.3748,3.136,3.0623,2.9352,2.9529,2.8509,2.9798,2.8906,2.8537,2.963,2.9432,2.9366,79.7713,104.9494,1716582.43780629,4.65193840645505,422620.28125,90848.2108584178
171,3.0943,2.9501,3.1091,3.1968,4.5316,4.6044,3.1595,3.1457,2.8268,2.9962,2.9803,2.81,2.989,3.0668,2.9707,3.047,3.0562,80.1855,105.0029,1760124.44632667,4.76993724954528,432358.34375,90642.3546329078
172,2.9068,3.1528,2.9702,3.1829,4.4863,4.5779,2.8582,2.9335,2.8211,3.0331,2.9438,3.0106,3.1916,3.1847,2.8562,3.1182,2.9928,79.8358,104.5979,1742792.00911952,4.7229663447139,433444.9375,91773.8780809069
173,3.0056,2.8003,2.8472,2.9674,4.302,4.6721,2.8345,3.1696,2.936,3.1181,3.1351,2.8566,3.0636,2.9656,2.951,2.9498,2.821,80.0674,104.6435,1711178.05208775,4.63729252115781,416916.84375,89905.2285030117
174,3.0401,2.8058,2.8667,2.9196,4.665,4.3725,2.8191,3.1171,3.1605,3.0565,3.1808,2.961,2.875,2.9549,2.9172,3.0477,2.8889,79.7971,104.9015,1720912.35419985,4.6636724798816,421712.3125,90424.9417855145
175,2.9631,2.8472,2.8007,2.9104,4.3541,4.6445,2.8842,3.1348,3.1557,2.8361,2.992,3.1873,2.8185,2.9912,2.8249,3.072,2.8194,80.2867,104.6247,1712686.12690591,4.64137940391502,420072.125,90505.8794904091
176,3.1739,3.0916,3.0128,3.0166,4.461,4.596,2.9359,2.9409,3.1801,3.147,2.9434,3.0939,3.1869,2.9287,3.0432,2.9877,2.9801,79.6662,104.7682,1755158.06099432,4.75647834529461,446625.5,93898.3566364447
177,3.0434,2.8358,3.0153,2.872,4.5836,4.4177,3.0682,3.1594,3.032,3.1082,2.996,2.9245,3.0916,2.8723,3.1431,3.0476,2.8926,80.4892,104.7947,1738332.43114478,4.71088088840236,428952.375,91055.6613851203
178,2.8265,3.1288,3.0587,3.0066,4.6165,4.3512,3.0832,3.0665,2.8648,2.8281,2.8352,2.929,2.874,3.0497,2.8432,3.0131,3.0569,79.8301,104.903,1736561.74631973,4.70608233252647,426007.1875,90522.6805225264
179,2.9478,3.0383,2.8714,2.9312,4.4062,4.6926,3.0354,3.0689,2.9556,3.0741,2.8429,2.8626,3.0015,2.8324,3.0464,3.0871,2.9878,79.8143,105.3702,1734923.170796,4.70164179285717,430639.46875,91593.423685368
180,2.8733,3.1667,2.8923,3.0233,4.3967,4.6615,3.1801,2.837,2.863,3.0816,2.8958,2.9482,2.8915,3.1194,2.8712,3.0105,2.8827,79.6307,105.463,1731994.26067111,4.69370444641872,433895.03125,92441.9158051292
181,2.976,3.1029,3.1199,2.8225,4.4102,4.4292,3.1089,2.8253,2.8312,3.0448,3.0434,3.1761,2.9592,2.8133,3.0837,2.8669,3.008,79.5038,105.1283,1724616.93918198,4.67371190518317,416440.84375,89102.8056924444
182,2.9625,2.8791,2.8684,3.182,4.4891,4.5973,2.8443,3.0508,3.0334,2.911,3.0747,2.9703,2.8346,2.9682,2.9267,3.1364,2.9219,79.5933,105.2088,1725513.15890558,4.67614066063413,417951.875,89379.6627031578
183,2.8638,2.95,2.9317,2.9294,4.3716,4.6262,2.9515,3.0775,2.8634,2.8932,2.926,3.0898,3.1832,2.932,2.9043,2.8191,3.0685,80.0262,104.7271,1720658.75926446,4.66298523760669,436715.125,93655.6953854194
184,2.8309,2.9205,3.1661,2.9449,4.4983,4.3265,2.839,2.916,3.0747,2.8873,3.1204,2.8084,2.9453,2.9778,3.044,3.0635,3.0288,80.0374,105.2106,1722749.51888927,4.66865119618993,423659.78125,90745.6486780909
185,2.9557,3.1693,2.8876,3.0181,4.3739,4.6064,3.124,2.9303,3.0653,3.1938,3.1135,3.113,2.837,2.97,2.8331,3.1212,3.1751,79.7511,105.4334,1749940.05138871,4.7423375392634,420822.15625,88737.2846757264
186,3.1516,3.0734,3.1725,3.1203,4.3585,4.3048,3.1288,3.0549,3.0132,2.9854,2.9937,3.1947,2.9174,3.1455,2.806,2.8672,2.9806,80.431,105.4755,1741352.83215258,4.71906617513349,425304.375,90124.6897619462
187,2.8085,2.9387,3.1842,2.9171,4.4276,4.4787,2.9362,2.8204,2.9214,2.9386,3.0359,2.9113,3.0739,2.9778,2.9642,3.0573,2.9166,79.5469,104.8241,1720822.90243286,4.66343006559304,432119.53125,92661.3083443008
188,3.0205,2.9639,3.0968,2.8322,4.3309,4.3993,3.1571,2.9618,2.9241,3.0534,2.9173,3.0874,3.0681,2.9944,2.9257,3.1571,2.9763,80.2424,105.4009,1727301.40817119,4.68098681614393,426699.78125,91155.9459595966
189,2.8608,3.1473,3.0538,2.9464,4.4629,4.496,3.0142,2.8884,3.1539,3.0404,2.8029,2.8508,3.0043,3.0309,2.8479,2.8988,3.106,80.1687,105.1853,1740474.80031285,4.71668670884782,427613.28125,90659.6743955581
190,2.8983,2.938,2.8891,3.0257,4.4143,4.4733,2.92,3.1681,3.0799,3.0711,2.8577,3.1654,3.0506,3.1662,3.0755,2.8288,3.1556,79.5651,105.1551,1732395.40669532,4.69479155214432,420036.65625,89468.6487322639
191,3.1693,2.9389,2.9859,2.9754,4.3076,4.6682,2.8176,3.0934,3.0333,3.0675,2.8485,3.0256,3.0804,2.8108,2.835,3.0256,2.8928,79.8642,105.1634,1724644.42410354,4.67378638932059,423383.1875,90586.764612823
192,3.0564,3.0637,2.8373,3.1487,4.4303,4.4707,2.9545,3.0885,2.8176,3.198,3.1231,2.9875,3.0857,2.9753,2.8411,2.828,3.0518,79.8281,104.6778,1727308.24324627,4.6810053391974,427809.78125,91392.7137975347
193,3.0838,3.1555,3.1209,3.1965,4.4368,4.3198,2.9848,2.9466,3.0483,3.149,2.9238,3.1744,3.1032,2.9394,3.0533,3.1499,2.8541,79.6462,104.6496,1748904.44784444,4.73953105365844,431999.34375,91148.1196892971
194,2.8608,2.9273,2.8641,3.0658,4.593,4.5074,3.0629,3.097,3.0291,3.1606,3.0795,2.9697,3.1687,2.8824,3.0982,2.8516,2.9244,80.4217,105.4315,1740329.4712662,4.71629286713141,415357.75,88068.6932939839
195,2.91,3.1339,2.8844,3.0796,4.3062,4.6609,2.9634,3.1771,2.9757,2.8883,3.1267,3.1869,2.9529,2.866,2.9834,3.0564,2.9611,79.5958,104.7523,1741081.73854963,4.7183315114695,413203.78125,87574.1308650248
196,3.1325,2.9203,2.9341,3.0606,4.4622,4.6564,2.8086,3.1794,2.9599,2.9859,2.9265,3.0761,3.1717,3.0314,3.1688,3.1746,2.8035,80.159,104.8792,1741685.17837699,4.71996683340164,433683.6875,91882.7828261344
197,3.1485,3.0406,2.9526,2.9623,4.5848,4.6099,2.8787,3.0765,2.9865,2.9756,2.8875,3.1531,2.946,3.1494,3.1156,3.0291,3.1003,79.9763,104.7614,1750936.17396582,4.74503703144737,429830.65625,90585.3112212466
198,3.0892,3.1373,3.1288,3.1678,4.3008,4.447,2.9637,2.9837,3.1393,3.0313,3.1015,3.0574,3.0289,2.9912,3.1516,2.838,2.8257,80.4949,105.0559,1745070.25815829,4.72914039960897,419930.78125,88796.429322488
199,2.9412,2.8638,3.1859,3.0184,4.4399,4.4675,3.1201,2.9272,2.8093,2.8427,3.0259,2.969,2.9581,3.1388,3.1372,3.1797,2.9369,80.1993,105.2358,1732973.57621979,4.69635839155564,453551.5625,96575.1598761106
200,3.1459,3.1497,3.0298,2.8024,4.3046,4.6982,2.8611,3.0508,3.1239,2.9886,2.8397,2.8134,2.8283,2.8196,3.0377,2.8621,2.9378,79.8335,105.3088,1730982.27116772,4.69096195486452,422707.71875,90111.0950839524
201,2.8994,2.8802,2.8541,3.0379,4.3836,4.3035,2.8401,2.9942,3.1013,3.1391,2.8927,3.044,2.9753,2.8727,3.0136,3.0147,2.9393,80.0544,105.1903,1701539.95988556,4.61117329128986,407915.65625,88462.4433916896
202,3.0953,2.9112,3.0878,2.9473,4.4875,4.3806,2.8457,2.9668,3.0879,3.1907,2.8167,3.114,2.9643,3.125,2.9665,2.8711,3.0031,80.2045,105.3707,1725253.42122604,4.67543677152255,424882.5,90875.4669912127
203,2.9941,3.1087,3.0588,3.1718,4.6244,4.3454,2.9613,3.0019,2.9316,3.0173,3.1052,3.0436,3.049,2.8587,2.8607,3.0284,2.9019,80.2489,104.8652,1743079.00851533,4.72374411307654,439444.90625,93028.939699232
206,2.9255,3.1902,3.0375,3.153,4.5145,4.3298,2.961,2.9878,3.1485,2.881,2.8647,2.8709,2.811,2.8838,2.9769,3.001,2.8108,80.0262,105.4341,1733372.22408241,4.69743872726333,412696.625,87855.6696449837
207,3.0578,3.1256,3.143,3.1107,4.4595,4.3133,2.8594,3.0831,3.0068,3.1982,2.8274,3.1934,2.9327,3.0366,2.9028,3.0584,2.9103,80.2325,105.0177,1740711.66037241,4.71732859960924,413061.71875,87562.6342384153
208,2.8143,2.9966,2.8105,3.1243,4.4774,4.5943,3.1348,3.087,3.0197,3.1209,3.1827,3.1623,2.9704,2.8435,2.9267,3.1764,2.8334,79.5243,104.5427,1742685.56589582,4.72267788357767,414902.5,87853.2286613818
209,2.9024,3.071,2.9393,2.8293,4.6488,4.3493,3.1909,2.8058,2.8206,2.8536,3.1137,3.0571,2.9637,2.9717,3.0512,2.9104,2.9446,80.2003,104.9752,1721687.27909236,4.66577252634031,427213.625,91563.3204551216
212,3.0088,2.9556,2.8931,3.0902,4.307,4.6146,2.8177,2.8829,3.0122,2.8004,2.9132,3.096,3.0007,3.0081,2.991,2.8841,3.002,80.0665,105.0063,1710944.14595667,4.63665863554257,421102.65625,90820.2844656308
215,3.1149,2.9539,3.115,3.0918,4.4694,4.3595,2.8443,3.0358,3.0336,3.0472,2.8188,2.902,3.0786,2.9109,3.1936,2.8685,3.1542,80.0478,104.9628,1733915.91126725,4.69891211953424,423946.8125,90222.3326836813
216,2.9083,2.9527,3.0021,3.097,4.3585,4.6882,2.8094,3.1549,2.9682,3.1134,2.9378,2.8465,3.1204,2.825,3.1182,3.1937,3.1536,79.5847,105.3149,1744863.91835957,4.72858121875442,427745.78125,90459.6456022541
217,3.1603,2.8277,2.8084,2.8535,4.6666,4.4729,3.0197,3.0294,2.8992,2.9338,2.8462,2.9266,3.0125,2.9893,2.8186,3.0035,2.8785,79.9875,105.0654,1711914.3485757,4.63928788464015,422034.375,90969.645664215
218,3.1585,3.1186,2.9922,2.9269,4.6012,4.6201,2.9678,3.1912,2.9667,3.1079,2.8116,2.9169,3.183,3.094,2.9906,3.1733,3.1685,80.3904,104.7358,1770880.37634261,4.79908581988847,430756.5625,89758.0453166412
219,3.0006,2.8391,3.0554,3.192,4.3051,4.6046,2.9068,3.1577,2.8369,3.0905,2.9845,3.012,3.1589,2.8117,2.8157,2.8695,3.1942,79.6498,104.9265,1729082.70595448,4.68581413313663,431205.21875,92023.5430809451
220,2.9756,2.843,2.9389,3.188,4.3423,4.5309,3.1937,3.0935,2.942,2.949,3.147,2.9478,2.8292,2.8507,3.0196,3.1374,3.1334,79.6282,104.5114,1734500.43171839,4.70049616995684,425305.5625,90480.9933083948
221,2.9773,3.1272,2.8442,3.0357,4.528,4.4792,3.054,2.9191,2.9836,2.9455,2.9945,3.09,3.0048,2.8987,2.819,3.1585,3.1104,80.2789,105.2952,1737580.26693582,4.70884252339607,418058.6875,88781.6242362872
222,3.1822,3.0632,3.0632,2.9155,4.3736,4.3728,3.142,2.8486,2.99,2.8565,2.8915,3.1293,2.987,2.8516,3.1213,3.0756,2.969,80.0571,104.9422,1727927.26787652,4.68268289594536,417951.0,89254.6023908421
223,3.1336,3.1267,2.921,2.8627,4.4446,4.6808,2.8031,3.1211,3.0175,3.1474,2.9329,3.1476,3.0038,3.1901,3.0805,2.9123,2.8052,80.3579,104.7285,1742300.89186717,4.72163541696004,411369.34375,87124.3345626322
224,2.8502,3.1378,2.8187,3.1373,4.404,4.3923,2.852,2.9652,2.9155,3.1736,2.9222,3.091,3.0945,3.1757,2.8608,3.1256,3.1586,79.8619,104.7122,1726862.54382755,4.67979749377267,434772.8125,92904.1936277255
225,2.9037,3.1107,3.0864,2.9141,4.5382,4.4362,3.1464,3.0509,2.8532,3.1149,3.1049,2.8022,3.0978,2.9575,3.1493,2.9789,2.9268,79.6318,104.7448,1747763.90070371,4.73644017090705,430002.09375,90785.9232322263
226,3.0964,3.1322,3.077,2.9938,4.4209,4.685,3.1043,2.9739,2.8392,2.8528,3.0392,2.9904,3.0479,2.9898,3.1667,3.1923,3.0988,79.633,105.2598,1759917.76152913,4.76937713374395,450351.46875,94425.6359103386
227,2.8617,2.9412,2.9887,2.9129,4.5654,4.3659,2.8203,3.144,3.1294,2.9451,3.0481,2.8258,3.1704,2.9827,2.8731,3.0534,2.9974,79.6365,105.2921,1730161.04378341,4.68873642865305,413781.53125,88250.1154727668
228,3.1652,3.0249,2.8782,2.8955,4.4922,4.4118,3.016,3.0719,2.8838,2.841,3.1713,2.9911,3.0799,2.9167,2.9776,3.0028,2.8048,80.3129,105.161,1721017.88985601,4.6639584815098,423441.46875,90790.1454159011
229,3.1458,2.8433,3.1849,3.1086,4.4394,4.4356,3.0525,3.1553,3.1933,3.0163,3.1509,3.0956,3.155,3.1776,3.1285,3.1229,3.0824,79.9809,104.5395,1767542.49626864,4.79004016488801,458290.46875,95675.7047904033
230,2.8405,3.1524,3.0001,3.1248,4.6191,4.6897,3.1565,2.915,2.8315,2.9998,3.1929,2.8383,2.9021,3.17,3.0703,3.1723,2.8438,80.3269,104.7474,1762895.50929032,4.77744683017677,425310.59375,89024.6629357596
231,2.8361,2.9787,3.1068,2.8616,4.3661,4.4554,3.1902,2.8275,2.9561,3.0728,2.9037,2.8633,2.8495,2.8153,2.9999,2.9533,3.1741,79.5757,105.2709,1721883.45588048,4.66630416543609,414004.46875,88722.1351356785
232,2.8569,3.102,3.0431,3.1131,4.5929,4.5807,2.9503,3.0001,2.9684,2.811,3.0104,3.093,3.1363,2.9282,3.1193,2.964,3.0075,80.3327,104.634,1754114.73172105,4.75365092296404,442246.09375,93032.9342471464
233,3.067,2.8116,3.159,3.1428,4.4402,4.6241,3.0838,3.1728,3.1209,2.9388,3.1069,3.0615,3.1443,3.1299,3.0836,3.1357,3.0964,79.7076,105.1912,1770091.94892971,4.79694918159951,435969.9375,90884.835547628
234,3.0212,3.1199,3.1166,3.1645,4.6077,4.6579,3.0093,2.8414,2.9927,3.1348,2.9263,3.1205,2.868,3.097,3.0877,2.9573,3.0427,79.752,104.7686,1764790.52418482,4.78258232054087,426032.40625,89079.9943829967
235,3.151,2.857,2.9186,2.8685,4.4497,4.6405,2.9252,2.8663,2.8579,3.0696,2.9279,3.1439,3.135,3.0645,2.943,3.1755,2.9058,79.7607,104.9945,1720102.86339184,4.6614787597919,427219.90625,91649.0084509303
236,3.1403,3.0238,2.9019,3.1038,4.5621,4.4201,3.0551,3.1217,3.1559,2.9964,2.9258,2.9963,3.0978,3.0192,3.1099,3.0307,2.8758,80.299,105.1478,1750087.35190795,4.74273672367053,437435.25,92232.6655445165
239,2.8591,2.9828,2.9183,3.0818,4.4143,4.4082,3.0252,2.8174,2.9034,2.9037,2.8346,3.0154,2.823,3.1463,3.1635,3.0578,2.8189,80.0009,104.5717,1707667.01045201,4.62777759832495,447548.5,96709.1634139879
240,2.8962,2.9402,3.1799,2.8976,4.5234,4.5111,2.8908,2.9211,2.9535,2.8572,2.9455,2.9138,3.0256,3.0223,3.0811,2.8617,3.0406,80.305,104.7286,1729639.88299199,4.68732408290829,421176.4375,89854.3454752285
241,2.8465,2.9534,2.9805,3.1989,4.397,4.3539,3.1265,2.9202,3.13,2.9225,3.1831,3.1146,2.9498,2.9181,2.8775,3.183,3.0383,80.1069,104.6088,1734808.8126464,4.70133188227175,419218.34375,89170.1233284189
242,3.1578,2.8542,2.9642,2.9377,4.5432,4.4673,3.1059,3.0997,2.9627,2.8806,2.9001,3.142,3.189,3.0976,2.8161,3.0596,3.1144,80.2483,104.8074,1739616.49178419,4.71436069273516,430611.875,91340.460152651
243,3.0202,2.8431,3.1634,3.0857,4.5267,4.6972,3.1957,2.9608,2.8499,2.9055,3.0865,2.8244,2.8734,2.8123,2.9398,3.1838,2.9871,80.0698,105.3433,1748631.11751473,4.73879032846493,439525.90625,92750.6548685767
244,2.8858,3.098,3.153,3.048,4.3543,4.6719,2.9529,3.0887,2.9264,3.1861,2.9736,2.918,3.059,3.0729,2.8706,3.0964,3.0769,80.4184,105.4303,1757152.39635973,4.76188299413487,424231.1875,89088.9566212605
245,2.8592,2.8046,3.1885,2.969,4.3215,4.316,2.9032,2.9158,3.1298,2.8908,2.8034,3.1994,3.1118,3.0797,3.1999,2.8289,3.0044,79.847,104.5112,1713257.58020212,4.64292804234773,430444.15625,92709.633301218
246,2.9487,2.8989,2.9327,2.9461,4.4333,4.3189,3.0608,2.8657,3.1638,2.9834,2.8372,2.9253,2.8026,2.832,3.0636,2.9357,3.0406,79.8261,105.3025,1707585.72790489,4.62755732262225,429989.8125,92919.3919215121
247,2.8905,3.0438,2.864,3.191,4.5591,4.5063,3.1021,2.999,2.8147,2.8532,2.8664,3.1854,3.1589,2.8539,3.0866,3.1568,2.976,79.6984,105.46,1738741.8531076,4.71199042192158,430280.84375,91316.1541560452
248,3.0543,2.9324,2.8838,3.199,4.4384,4.4674,3.0474,3.0972,3.1444,3.0157,2.9336,2.9617,3.0116,2.9749,2.9006,3.155,2.8321,80.0296,105.3601,1736111.15978734,4.70486124302369,444406.0625,94456.7840675344
249,2.9009,3.0586,3.0377,3.0878,4.622,4.3589,3.157,2.9293,2.8352,3.0031,2.8785,2.9187,2.8087,3.1926,3.1071,2.8062,3.1732,80.373,104.5729,1738278.70549445,4.71073529188995,442817.46875,94001.7728256476
250,3.114,2.9272,2.8496,2.8287,4.592,4.6483,2.9382,2.8881,3.0717,2.8181,2.9612,3.0267,2.8271,2.8431,2.935,3.1284,3.1468,80.0813,104.5639,1728176.62923243,4.68335866521988,406020.84375,86694.3731568629
251,2.9775,2.9204,2.8022,2.9148,4.5845,4.31,3.1352,2.8664,2.8255,2.8363,3.1001,2.8326,3.0904,2.975,3.0237,2.8503,3.0857,80.1079,105.2323,1706045.42435329,4.62338309999741,417636.8125,90331.4312197564
252,3.1687,3.0656,2.8834,2.8376,4.5599,4.5806,2.8562,3.1496,2.8413,3.0723,2.8498,2.8869,3.055,2.8553,2.9903,2.8783,2.9919,79.7301,105.018,1727774.14704545,4.68226793849317,420866.375,89885.1540596461
253,3.0956,3.1528,3.101,3.0939,4.5457,4.658,2.8449,2.8972,3.0177,2.8657,2.9276,2.9445,3.0664,3.198,2.9698,2.8579,3.1303,80.0797,104.7246,1756834.91916618,4.76102263094034,414314.65625,87022.1984574288
254,2.875,2.8121,2.8731,3.106,4.5571,4.4208,2.8695,2.9837,3.1743,3.0184,2.9322,3.1662,3.0593,2.9226,3.081,3.1012,2.8913,80.0752,104.516,1723365.54494547,4.67032062680222,427130.5625,91456.3681235859
255,3.1328,3.16,3.1133,2.9855,4.4905,4.5893,2.8837,2.8035,3.1225,3.1228,3.1171,3.1756,3.0417,3.1555,2.9115,2.8415,3.0745,79.8165,104.7797,1755306.54087856,4.75688072578089,423185.3125,88962.7755866277
256,2.9075,3.0917,2.8001,2.8807,4.3961,4.3723,2.8703,2.9374,2.8077,3.0518,3.0472,3.1076,3.0372,2.9118,3.1723,3.0958,3.191,79.986,105.2716,1711263.66944952,4.63752454420819,428954.8125,92496.5050666356
257,3.0195,2.8545,3.1524,3.1514,4.329,4.333,3.1513,3.0979,2.8554,3.0147,3.139,3.1194,3.03,3.1017,3.0538,2.939,2.9532,80.289,105.282,1732003.99227219,4.69373081905763,422112.3125,89931.0865433796
258,3.0554,2.98,3.1306,2.914,4.5123,4.4878,3.1839,2.8703,3.0796,2.9031,3.0237,2.9286,3.1826,2.862,3.0909,3.0309,3.0824,79.5849,105.242,1750530.06021755,4.74393646318955,424550.5625,89493.3070445375
259,2.8207,2.8783,2.8953,2.8115,4.689,4.484,2.813,2.8916,2.8953,2.9704,2.9121,2.9475,2.8322,2.8639,2.8125,2.9763,2.929,80.0062,105.3392,1699615.25984088,4.60595735416879,430440.28125,93452.9454252143
262,3.0014,2.9735,3.1828,3.0646,4.4798,4.5197,2.9253,2.9376,2.9477,3.1977,3.1019,2.9339,3.017,2.8831,2.8482,3.1608,3.1509,80.0397,104.6164,1748034.10639913,4.73717242834165,434543.59375,91730.5840822267
265,2.8359,3.042,3.0778,2.8322,4.3542,4.5182,2.9759,3.0146,2.991,3.1554,3.1292,3.0479,2.9148,3.0546,2.8993,3.0365,3.065,80.0446,105.1205,1734582.28885088,4.7007180027859,417663.46875,88850.9943592596
266,2.8223,3.1477,2.8657,3.1531,4.5579,4.4237,2.9491,2.9025,3.0755,3.1155,2.9692,3.1966,3.018,3.1268,2.9935,2.8137,3.161,80.1454,104.5661,1741426.70182228,4.71926636193837,419015.40625,88788.2509937192
267,2.9058,3.0557,2.9661,2.9153,4.3047,4.6265,2.8379,3.0244,2.8442,3.039,2.9932,2.809,3.0237,3.1408,2.8011,2.8319,3.1215,79.6169,105.4064,1717698.27596801,4.65496232787331,426838.75,91695.4252119604
268,3.0391,3.1516,2.8161,2.8259,4.6996,4.6762,3.1667,3.0268,3.1922,3.1633,3.0157,3.0181,3.1992,3.1273,2.8754,3.1445,3.0824,80.1043,104.8006,1777815.920945,4.81788114576096,446599.6875,92696.2857713797
271,2.902,3.0616,3.0827,2.9002,4.5595,4.4275,2.9007,3.0875,3.1158,3.1297,2.9389,3.0794,2.9371,2.8127,3.0871,2.8033,3.0714,79.6104,105.3001,1740934.03723448,4.71793124090543,420787.75,89189.0382699273
272,2.8885,3.1044,2.9253,2.8059,4.428,4.509,2.9684,3.1696,3.1386,3.1522,3.0636,2.9223,3.1547,3.1896,3.0221,3.1472,3.0438,80.214,105.3238,1752508.79510779,4.7492988347421,406530.59375,85598.0236021674
273,3.1568,2.9771,3.1923,2.8182,4.6812,4.6346,2.9375,2.9598,3.019,2.8214,2.8044,2.9527,3.0722,2.94,3.1822,2.8768,2.9476,80.4708,105.1603,1750909.65318964,4.74496516014392,426623.28125,89910.7299740553
274,2.9161,2.8759,2.8372,2.9317,4.6465,4.3873,3.0236,2.9938,2.9231,2.8546,2.9274,3.1902,2.9312,3.1577,2.9762,3.0663,3.006,79.5561,105.1171,1718685.56019299,4.65763786812301,432610.875,92882.0331784057
275,2.9928,2.9588,2.8485,2.9983,4.383,4.6282,3.0616,3.0604,3.1063,2.8097,2.9261,2.8329,3.0471,3.0034,3.087,3.1058,2.9486,79.9851,105.2082,1734179.10435492,4.69962537280182,420686.15625,89514.827859395
276,3.1997,3.0438,2.8969,3.0113,4.4616,4.3033,3.0561,3.0741,3.1317,3.1548,2.8562,3.1857,3.112,3.0139,3.1826,2.8923,2.8567,79.9438,104.9856,1735394.71460849,4.70291967658901,435794.15625,92664.5969352549
277,2.9813,2.9737,2.898,2.9181,4.5141,4.5034,2.8864,2.8399,3.069,3.1923,2.8687,3.0917,3.1384,2.8834,3.0522,3.0659,3.1835,79.5668,105.1437,1730145.65152619,4.68869471563598,421349.09375,89864.9025591012
278,3.1109,3.011,3.1088,2.9226,4.5592,4.4921,2.948,2.8829,3.1037,2.9517,2.9808,2.8717,3.1475,3.1092,2.8559,3.0118,2.9092,79.653,104.6447,1741499.53760108,4.71946374689891,428405.25,90774.1372696206
279,2.8046,3.0221,3.174,3.1771,4.6553,4.4877,2.8337,2.9919,2.9016,2.9914,2.9502,3.1369,3.1515,2.8341,2.8986,3.1854,2.9794,79.7332,104.5355,1750618.22791635,4.74417539765331,436419.5,91990.5912871336
280,3.007,2.8242,2.8853,3.0068,4.6937,4.3302,3.0491,2.815,2.9837,2.8826,3.081,2.9515,3.0681,2.9803,2.9505,2.9007,2.9042,80.4196,105.3858,1712645.95591571,4.64127054053157,417027.375,89851.9858642495
281,2.8484,3.0005,2.8029,2.8386,4.6409,4.3729,3.1069,3.1332,2.8906,3.0616,2.8498,2.8135,2.8297,2.9204,3.1759,3.0132,3.1184,79.8707,105.0206,1724659.8841181,4.67382828596004,410120.71875,87748.3496734322
282,2.9341,2.8312,2.8812,3.1961,4.4908,4.4724,2.8817,3.1512,3.1322,2.804,3.0793,3.015,2.944,2.8847,2.8315,2.9945,3.049,79.9794,104.6033,1725369.38516437,4.67575103379544,421355.25,90114.9883632649
293,2.9826,2.8544,2.9559,3.1935,4.3902,4.4631,3.1866,3.0867,2.8616,2.8639,3.1973,3.1034,2.9308,2.9433,2.9884,3.0395,2.8423,79.639,104.9838,1725854.60147969,4.67706597000996,429775.4375,91889.9669698447
294,2.8425,2.8256,3.0169,2.8176,4.5012,4.3566,2.8039,2.9222,2.8497,3.0987,3.1708,3.1134,2.9607,3.0419,2.8479,2.8884,2.9153,79.5918,105.4957,1695967.83962789,4.59607284539159,427550.875,93025.2607786011
295,3.0016,3.1652,2.9064,2.8585,4.3992,4.3574,3.0714,3.059,3.0259,3.085,2.8428,2.9454,2.8417,2.8551,2.9011,3.1396,3.0053,80.0975,104.6386,1725989.81693031,4.67743240388114,405175.84375,86623.5594155891
296,2.8629,3.1135,3.0028,3.0411,4.3074,4.5798,2.9826,2.9908,2.9519,3.1822,3.1328,3.1098,2.9329,2.9003,3.0414,3.0819,3.191,80.3983,105.4399,1744397.12779553,4.72731621632589,416349.9375,88073.2150013841
297,3.0283,3.109,3.1033,2.9897,4.4643,4.5139,3.0254,2.8427,2.9216,2.9551,3.0698,2.8874,3.1267,3.0101,2.843,3.1177,3.006,80.4408,105.0509,1742729.64103416,4.72279732720258,430752.28125,91207.0223231756
298,2.928,3.0437,2.8716,2.8109,4.4011,4.4084,2.9665,3.1833,3.0659,3.1528,2.8125,2.8265,2.9432,3.1804,2.9438,3.0522,3.1126,79.7851,104.8734,1727406.9180197,4.6812727478334,409212.59375,87414.8155412207
299,3.1784,3.172,2.9147,3.1564,4.4181,4.5997,2.8352,3.1045,2.8763,2.9457,3.0835,2.9908,2.8939,2.9948,2.9532,3.143,3.0212,80.3178,105.0083,1743795.34264359,4.72568537856413,442341.71875,93603.7174113361
300,3.1771,2.8633,2.8839,3.139,4.6366,4.6843,2.9971,3.1568,3.0679,2.9559,2.9012,3.1265,3.1387,2.9047,2.986,2.9594,3.0216,79.5759,104.6699,1754578.84413877,4.75490866761606,429572.78125,90343.0141940818
301,2.9528,3.1674,3.037,2.903,4.4126,4.3297,3.0402,3.1062,2.9814,2.9762,2.9106,3.1081,3.0576,2.8716,3.1436,2.8485,3.178,79.9402,105.1547,1738313.59817275,4.71082985104814,418434.21875,88823.8870815723
302,3.1088,2.9836,2.8329,2.9043,4.6754,4.4603,2.8229,3.1528,3.0835,2.8081,3.0933,2.8694,3.0118,2.8284,3.0921,3.0416,2.9803,80.32,104.5527,1733360.03305203,4.69740568957101,413329.53125,87991.0228251432
303,2.8257,2.8682,2.9367,2.9579,4.3225,4.4467,3.1823,3.157,3.0934,3.1767,2.8387,3.1133,3.1321,3.0604,2.9876,3.0281,3.199,79.6815,105.2509,1737556.22415247,4.7087773674532,426322.125,90537.7535890132
304,2.8583,2.9442,2.8991,3.1643,4.6609,4.435,2.928,2.8033,3.0039,3.1169,2.8176,2.9977,3.0126,2.8722,3.0184,2.9858,3.0022,80.2783,104.546,1724477.49119741,4.67333400114497,412425.90625,88250.8945752551
305,3.1002,3.0133,3.0643,2.8436,4.354,4.3428,3.0427,3.1832,3.1358,3.1045,3.0874,2.8759,2.9128,3.1439,2.9527,2.9377,2.8504,80.3274,105.3837,1733006.19233918,4.69644678123919,419210.53125,89261.2118856777
306,3.1504,2.9388,3.0861,3.0623,4.3438,4.4749,2.8364,2.8338,2.9516,3.1459,3.0509,2.9272,2.9809,2.9864,3.0151,3.0692,2.8136,79.7984,105.4736,1716722.20185514,4.65231716702743,424118.21875,91162.7912550484
307,3.0025,2.9447,3.0908,3.0847,4.4849,4.5023,2.9358,2.9634,3.0592,3.1437,2.963,2.808,2.9426,2.8733,2.8222,2.9432,3.1981,80.3569,105.1238,1737767.69447777,4.70935045203476,417543.1875,88662.5855843013
308,3.0036,2.9497,3.0405,3.1731,4.5321,4.4849,3.0695,2.9029,2.8806,3.1448,2.8372,2.9315,2.9677,3.0273,2.8753,2.9213,3.0318,79.6506,105.1301,1732667.94799036,4.69553013905387,433240.53125,92266.5851181815
309,3.0039,3.0019,3.1392,2.9294,4.312,4.6778,3.0137,3.1318,2.9148,3.0929,3.0791,3.1612,2.9487,2.8247,3.1934,3.1766,2.9949,80.2991,105.3481,1752005.59482916,4.74793516198702,441024.875,92887.7206519035
310,2.8742,2.9003,2.9745,3.0922,4.6597,4.4424,2.9159,3.0719,3.124,3.1824,2.8676,2.8443,2.854,2.9221,2.9788,2.8998,2.8557,80.098,105.3559,1730764.79819443,4.6903726031069,414369.46875,88344.6804365866
311,3.1835,2.8793,2.9028,2.8399,4.5008,4.6351,2.8116,2.9025,3.1512,3.1035,2.8439,3.0651,3.1595,2.8019,3.1817,3.0184,3.0479,79.8958,105.1939,1729770.87748096,4.6876790779734,443609.90625,94633.1647007251
312,3.0155,3.1475,2.8561,3.0505,4.5495,4.5657,2.8191,3.0249,3.1677,2.8322,2.9088,2.966,2.9806,2.9764,3.1766,3.1213,2.9733,80.2781,104.5816,1745876.20668281,4.73132452011042,434831.5,91904.8140011863
315,3.1264,2.8947,3.1447,2.8711,4.4391,4.3488,2.9365,3.0673,3.142,3.0346,3.1784,3.0509,2.8745,2.9853,3.0097,2.8995,3.0062,80.3995,104.7794,1731456.34823135,4.69224670370695,404270.125,86157.0481110083
316,2.8332,2.9836,3.0285,3.0245,4.6918,4.6834,2.9485,2.8204,3.1514,2.8271,2.9473,2.9282,3.0461,3.1805,2.9688,2.8745,2.8674,79.5453,105.2816,1746151.87007899,4.73207156791405,426576.4375,90145.8127540619
317,2.8795,2.9233,3.1123,3.1096,4.6727,4.4106,3.1498,2.8702,2.9162,3.1305,3.1556,3.035,3.0564,2.9491,2.8904,3.1547,2.839,80.2832,104.6888,1745844.73103834,4.73123922111389,426768.4375,90202.2530578203
318,3.0294,3.1659,2.9724,3.1497,4.5638,4.4671,3.1513,2.834,2.9036,3.0894,2.9707,2.8319,2.8296,2.9401,2.9015,2.8944,2.8743,80.2459,105.281,1735257.23162788,4.70254709771156,426178.0,90627.0561771502
319,3.0946,2.8442,3.0855,2.8369,4.6528,4.5207,3.0398,3.1494,2.9723,3.1991,2.813,3.005,3.1244,2.8987,3.1399,3.0651,3.0464,79.6585,105.027,1751134.541807,4.74557460829696,433595.84375,91368.4599946905
322,2.8433,2.9678,3.0175,2.9656,4.5497,4.3002,2.8063,2.883,3.1175,2.9182,3.1523,3.0761,3.031,2.9679,3.0379,2.9965,2.9245,79.6253,105.3114,1718670.28360969,4.65759646858225,419201.46875,90003.8188318196
323,3.0178,2.9422,2.9732,3.0413,4.4939,4.4326,3.1921,3.1398,3.0119,3.1084,2.8807,2.9932,3.0703,2.8076,2.8914,2.9265,3.1156,80.3395,105.1122,1741888.35112199,4.72051743154059,432445.625,91609.7930516205
324,2.813,3.0946,3.0426,2.8579,4.5829,4.4366,3.1617,3.1132,3.1785,3.197,2.9884,2.8517,2.8985,3.182,3.1018,3.0719,3.1175,80.2224,104.9544,1765089.06039938,4.78339135368232,422728.0,88374.1196869828
325,2.8458,2.9578,2.8322,2.9688,4.3749,4.514,3.0257,3.0691,2.8864,3.1018,3.1523,3.1102,3.0721,2.9711,2.8198,2.9445,2.9067,79.8731,104.7516,1716421.2901282,4.65150169624741,418416.15625,89952.9192018905
326,2.8839,2.934,3.139,2.8023,4.5393,4.3225,3.0053,2.981,2.8291,3.1228,3.1603,2.8174,3.0571,2.8273,3.0107,2.8001,2.8801,80.4432,104.5303,1715243.93061678,4.64831105197147,414966.78125,89272.5931226142
327,2.8392,3.0448,3.1251,3.1422,4.4982,4.4179,2.9873,3.169,2.8783,3.173,3.1881,3.189,3.1745,2.956,3.1791,2.8413,2.8625,79.8729,104.6918,1750841.58383326,4.74478069218812,430836.625,90802.2209981877
328,2.9555,2.998,2.8394,2.9903,4.5187,4.5697,3.1626,3.0397,3.0572,3.0388,2.9502,3.1787,2.85,3.0616,2.8877,3.1702,3.0746,80.222,104.5521,1745938.8687938,4.73149433443119,428604.53125,90585.4474200752
331,2.8423,3.0519,2.8743,2.8505,4.3924,4.492,2.9245,3.0327,2.857,3.0207,3.1921,3.0335,3.1975,3.1784,3.0182,2.9423,3.0258,79.6988,104.6737,1723557.58313411,4.67084105029343,411864.3125,88177.7624340538
332,3.1165,3.0121,2.8044,2.895,4.647,4.5051,3.13,2.97,3.1741,2.8292,3.1622,2.8727,3.0459,3.0287,2.8432,3.0671,2.9623,80.2246,105.1114,1743235.97174342,4.72416948342467,412503.03125,87317.5767078886
333,2.9136,2.9363,3.0423,2.8958,4.3312,4.4097,3.191,3.0604,3.1835,3.1881,3.135,3.0106,2.9887,3.0321,3.1623,2.8609,2.9189,80.4608,104.5554,1738370.2657422,4.71098342016137,421490.96875,89469.8476216591
340,3.0525,3.0106,3.0219,3.1899,4.4471,4.5509,2.9014,3.1942,2.9005,3.1907,3.1215,2.9304,3.0307,2.8693,3.1261,2.8234,3.1296,79.8109,104.7894,1748455.27475321,4.7383137945812,429133.40625,90566.6920457575
341,2.9807,3.0353,2.8446,2.869,4.6925,4.4144,2.8494,3.0354,2.8247,2.8421,3.1897,2.914,2.9172,2.9586,3.0658,3.1128,2.9885,80.3167,104.7953,1722866.73549155,4.6689688531821,418653.03125,89667.128741857
342,2.8923,3.035,2.9383,2.9903,4.5443,4.438,3.1111,3.1353,2.9327,3.1008,3.0199,2.8869,3.1235,2.8496,2.9594,3.128,3.1922,79.9734,104.6853,1748456.30317252,4.73831658159752,430873.0625,90933.7852547479
343,3.0996,3.0142,2.9713,3.1258,4.668,4.4211,2.8722,3.0295,2.9902,2.9785,3.1669,3.1484,3.0328,3.0127,2.9402,3.0033,3.1936,80.4184,104.8036,1750388.43243333,4.74355265189431,432864.0625,91253.1375249177
344,2.8039,2.9463,2.8324,3.1858,4.6696,4.6641,2.8367,3.1368,2.8013,3.0977,3.1933,2.9046,2.9791,2.8522,3.1671,2.8357,2.881,80.1565,104.5887,1734431.11841695,4.70030833090995,433649.96875,92259.8983343819
345,2.9875,3.1559,2.8438,3.1749,4.6294,4.4433,2.9238,2.9833,3.0658,3.0343,2.8318,3.045,3.1985,2.8748,3.1188,2.8884,2.9851,80.2696,105.0722,1744521.63848277,4.72765364028831,434364.34375,91877.3617526497
346,3.0472,3.1928,2.865,2.9332,4.462,4.6259,2.9099,3.0415,3.0365,2.8368,2.9028,2.9814,2.9581,2.9923,3.0823,3.1749,2.8149,80.1464,104.9968,1739244.66079178,4.71335303074572,428412.34375,90893.3281584084
347,3.1461,3.1532,3.1088,2.8796,4.6534,4.3105,3.1124,3.033,2.9627,3.1636,3.0,3.1195,2.9594,3.0819,2.8331,2.9404,3.0044,79.5301,105.1393,1751941.07691575,4.7477603184417,434418.53125,91499.676081497
348,2.966,3.0202,3.0873,2.8822,4.5291,4.5969,2.8386,2.8973,2.9029,2.8481,2.8763,3.0353,2.8428,3.0574,2.8611,2.8777,3.0501,80.3517,105.1374,1723550.14996977,4.67082090641808,418542.59375,89607.9301980706
349,3.1205,2.9581,2.8942,2.8392,4.4459,4.6517,3.0593,2.997,3.1644,3.1358,2.9271,2.9314,3.1873,3.0484,2.8864,3.1127,3.1792,80.4413,105.4494,1750234.42044654,4.74313527941013,410502.5,86546.6565505698
350,3.1889,3.108,3.0988,3.1091,4.3362,4.4844,3.1862,2.9921,3.0993,3.1082,3.1047,3.0416,2.9945,2.8851,3.1405,3.1929,2.9791,80.059,104.6878,1762434.65415233,4.77619791275282,423198.0,88605.6247522802
351,2.8455,3.023,2.9312,2.9823,4.6234,4.4186,3.0988,2.9137,3.0662,2.8332,3.0516,3.1238,3.0682,2.9451,3.1624,3.0517,2.9301,80.4656,105.0301,1739980.40783806,4.71534690524115,436975.59375,92670.9322837515
352,3.0385,3.1948,2.8747,2.9544,4.5473,4.5217,3.0237,3.1702,3.1653,2.9537,2.9557,2.8485,2.9528,3.1093,3.0083,2.997,2.9469,79.6722,105.1375,1754205.10948879,4.75389584671461,431651.625,90799.5544955644
353,2.9306,2.851,2.8669,3.1489,4.6942,4.5019,2.9537,3.0401,2.9187,3.1864,3.0895,2.8881,3.0178,2.9523,3.0,3.0857,3.0928,79.8813,104.7188,1739186.42130809,4.71319520174494,443080.3125,94008.4790750787
354,2.9537,2.8263,2.8276,2.9064,4.6807,4.5639,3.194,2.9876,2.8266,3.0314,2.8539,3.1073,3.0238,2.9816,3.195,3.0442,2.8609,79.7953,104.5711,1728624.85141014,4.68457334732149,447774.21875,95584.8453106247
355,2.9178,3.0877,3.0094,2.8187,4.5331,4.6105,2.8118,2.8887,2.8991,3.0138,2.993,2.9399,3.084,2.8592,3.1085,3.1231,2.8254,80.0628,105.3841,1728435.27737629,4.68405960168975,426092.78125,90966.5583880037
356,3.1718,3.0816,2.9052,2.8001,4.3815,4.3979,3.0819,3.0695,3.0742,2.8448,3.1859,2.8962,2.922,3.0088,2.9534,2.8496,2.8504,79.5314,104.52,1720881.91400166,4.6635899869445,410026.40625,87920.7664905898
357,3.1384,2.8039,2.8501,3.0563,4.5719,4.6333,3.0786,2.9155,3.0531,3.138,3.1853,3.123,3.1483,2.9876,3.0133,3.0201,3.0062,79.6818,104.6441,1743600.58264981,4.72515757898097,419758.0625,88834.7225428459
358,3.0228,3.1582,3.0118,3.1787,4.399,4.4695,2.8001,2.947,3.0171,2.905,3.1007,2.864,2.8847,2.9422,3.1478,2.9021,3.0295,80.3571,105.3872,1732602.83897645,4.69535369362618,420048.75,89460.5129684277
359,2.838,3.0624,2.891,3.0619,4.6844,4.4119,2.8967,3.1605,2.9053,2.8616,3.086,3.0852,2.9732,3.1726,3.1222,2.8406,2.9711,80.1301,104.7237,1737999.8396594,4.70997956547698,430624.125,91428.0240526672
360,3.1566,2.8029,3.1832,3.1898,4.4436,4.5735,2.8813,3.0281,3.0303,2.9358,3.0573,3.109,2.815,2.9145,2.9974,3.0193,3.0826,80.3824,105.2802,1740895.09157238,4.71782569816116,422602.9375,89575.784384047
361,2.8666,3.1,3.0804,3.1922,4.3841,4.6911,2.8938,2.8624,2.8058,3.1096,2.9665,2.9922,2.8062,2.8085,3.1815,2.9436,3.0333,80.0338,104.6729,1735065.60696058,4.70202779486317,434782.09375,92466.9339949429
362,2.9897,2.9669,2.847,2.9136,4.3599,4.3579,3.1079,3.1429,2.8698,2.8083,3.05,3.0847,3.0088,3.1844,2.8134,3.1676,2.9099,79.6367,104.9445,1714511.04073838,4.646324920401,425191.875,91511.4380255834
363,3.1073,3.1946,3.1717,2.9922,4.323,4.5766,3.0128,3.078,3.1326,2.9178,3.1723,2.9943,3.0411,2.9256,3.0413,2.8292,2.9392,79.9665,104.6229,1758094.63068068,4.76443644914465,422423.28125,88661.7516591783
364,2.8856,2.8953,3.0996,2.9399,4.6074,4.4968,3.0565,3.1088,2.8273,3.0981,2.9466,2.8991,2.8821,3.1453,3.0061,3.161,3.0764,79.7403,104.8078,1744085.39236127,4.72647141329905,444288.96875,94000.1387715764
365,2.8348,2.8694,2.8109,3.0274,4.5362,4.579,2.8276,2.8677,3.0968,3.0424,2.8401,3.1434,2.8746,2.9217,3.1938,3.0903,3.1385,80.1941,105.257,1721221.13469063,4.66450927501161,418618.3125,89745.4132512059
366,2.9888,3.1774,2.8881,3.1875,4.405,4.5428,2.8016,2.9158,2.9524,2.9751,2.9661,2.8051,3.0243,2.8026,3.1975,3.0387,3.0219,80.3594,105.3503,1730189.96602317,4.6888148079228,422661.90625,90142.5890260836
367,2.9839,3.0354,2.993,2.874,4.4338,4.6452,2.8266,3.1548,2.8238,2.8,3.0946,3.0859,3.0627,2.8693,2.9043,3.1114,2.977,79.6073,105.0008,1731025.92430778,4.69108025487409,435213.15625,92774.6132242799
368,2.9291,3.1683,2.9508,3.1066,4.6149,4.5745,2.9439,2.8253,2.8307,2.8018,3.1798,3.0003,2.968,2.837,2.8877,2.9635,3.0869,80.3648,105.0491,1737645.14810234,4.70901835135734,422973.75,89822.0644814606
369,3.0157,2.9345,2.8444,3.1186,4.6171,4.5791,3.0633,2.81,2.8415,3.1959,2.8979,3.0092,3.0259,2.9078,2.9814,2.879,3.1656,80.168,104.8954,1730266.57180533,4.68902240959243,428973.21875,91484.5742414113
370,3.0542,3.1017,3.065,2.9521,4.3566,4.473,3.1012,2.9336,2.8228,3.1635,3.1463,2.9508,2.989,2.9991,2.9198,3.0148,3.0587,80.1273,105.4364,1735827.12778112,4.70409151628685,437343.8125,92970.9405069601
373,2.823,3.1482,3.1269,2.8017,4.5131,4.6414,3.1012,3.0593,3.0799,2.9521,3.0286,3.0788,3.0009,2.99,3.0658,3.1473,2.8517,80.0712,104.8766,1763034.91180908,4.7778246110026,408916.03125,85586.2373659194
374,3.0752,2.964,2.9695,2.8362,4.6951,4.3191,2.8347,2.8449,3.0588,3.0953,3.1582,3.0762,3.093,3.094,3.1519,3.1122,3.0035,79.5021,105.0067,1732774.17357223,4.69581801038075,410410.46875,87399.1427782617
375,2.9188,3.0786,3.1576,2.9047,4.4343,4.4584,3.0409,3.102,3.1767,3.1448,2.8796,2.9864,3.0631,2.8179,3.0869,2.8662,3.0089,80.1327,104.9282,1750851.71970211,4.74480816039271,421840.5,88905.7019251725
376,2.9026,2.8889,2.9916,2.8352,4.4045,4.6578,2.9967,3.0533,2.9531,2.8747,2.8048,3.005,2.9569,3.0451,2.9419,3.0344,2.9304,80.2581,104.6056,1722555.07234829,4.66812424606387,408666.90625,87544.1365114875
377,2.9937,2.866,3.0892,2.9852,4.3952,4.5814,3.0823,2.8756,2.8766,3.1309,3.0687,2.9766,3.1799,2.9862,3.0289,3.1713,2.9631,79.9956,105.1669,1736237.01172776,4.70520230178224,432295.1875,91876.0044251987
378,3.007,2.83,2.882,3.1876,4.4444,4.5898,2.8071,2.9719,2.9136,3.0412,2.8076,3.1863,3.0579,3.0787,2.9277,3.0495,3.118,80.3907,104.7338,1721883.01495808,4.66630297053639,431051.59375,92375.3979267341
379,3.1143,2.8225,3.0143,3.1024,4.5407,4.4354,2.8709,3.1184,2.8218,3.1505,2.9146,2.8817,2.9246,3.1557,3.0461,2.9791,3.0971,79.8487,104.8252,1727251.57442935,4.68085176670354,438487.90625,93676.9477232992
380,2.8403,2.9475,3.1277,2.8639,4.5368,4.4761,3.0492,2.9203,3.0998,2.8271,3.0163,2.9869,3.081,3.0876,3.1746,2.8679,2.907,79.5593,104.7002,1736820.2241114,4.7067828073419,424020.65625,90087.1515865549
381,2.8073,3.1381,3.1552,3.0038,4.4949,4.3588,2.9293,2.8275,2.8294,3.0272,3.0301,3.0877,2.9999,2.9147,2.8846,2.8434,3.1404,80.3094,104.6034,1726841.2121331,4.67973968488071,431680.25,92244.5005637111
382,3.0841,2.9617,2.8449,2.8379,4.4368,4.6919,2.979,2.8535,2.9747,3.0455,2.8035,3.0344,2.8514,3.1555,3.141,3.0015,3.1369,80.0032,105.3091,1725671.36428236,4.67656939720521,432130.53125,92403.3184471181
383,3.1518,2.9374,3.1485,3.1625,4.6927,4.5785,3.0665,2.9761,2.8246,2.9516,3.0063,3.1117,2.8125,3.0481,2.9041,2.8292,3.1051,79.8564,104.9268,1752298.33029149,4.74872847508995,427030.625,89925.2562533408
384,2.9681,2.985,3.0563,2.873,4.4124,4.6691,3.139,2.9216,3.0058,3.1396,2.9262,2.9384,2.8822,3.061,2.9343,3.0244,3.0925,79.8215,104.7788,1743440.44918082,4.72472361728001,416080.8125,88064.5824399639
385,3.0804,3.0951,3.0851,3.1725,4.5475,4.4716,3.1819,2.9759,3.1502,2.9039,3.0583,2.8374,2.9592,2.9696,2.9059,2.8428,3.0551,79.5091,104.9217,1758580.11954076,4.76575212395546,416762.375,87449.4443185805
386,2.8562,3.1208,2.8601,2.9118,4.6463,4.4315,2.9403,2.8296,3.0487,3.1258,2.8745,3.1762,2.8405,2.879,3.1611,2.9599,3.0581,79.5902,104.581,1728924.52098931,4.68538545188103,404326.84375,86295.3214633977
387,3.1506,3.0218,3.174,3.1912,4.6298,4.6409,2.8684,2.9859,2.831,3.1211,2.9401,2.9577,2.9844,3.1912,3.1644,2.8502,3.0583,80.1868,105.3585,1760683.66555984,4.77145273366715,445528.625,93373.7898850743
388,2.8568,3.0414,2.9754,3.0905,4.5224,4.6817,3.1477,2.9546,2.8223,2.9672,3.1264,3.061,3.1942,2.8292,2.9021,2.8402,2.9274,79.8372,105.2279,1743557.74204498,4.72504148094189,427161.6875,90403.7962889693
389,3.1787,3.0064,3.1643,2.9811,4.5972,4.3594,2.8421,2.911,3.0868,2.8386,3.0097,3.115,3.1326,2.9698,2.8857,2.9725,3.1877,79.7227,105.327,1742923.97035305,4.72332395965677,434833.40625,92060.8897386743
390,2.8944,3.0593,2.8972,3.1025,4.4511,4.5532,2.8647,2.8486,3.1016,2.8736,3.0236,2.9044,2.9579,3.1968,2.8043,3.0603,2.8979,80.1853,104.9374,1725540.0755138,4.6762136046424,441285.40625,94368.1028197483
391,3.1317,2.8619,3.021,2.9718,4.6328,4.5084,3.0812,2.827,3.1767,3.1331,2.9336,3.0478,3.1825,3.1128,3.1129,2.8421,3.1813,80.0658,104.815,1751794.44622937,4.74736294928159,436520.1875,91950.0346115432
392,2.8284,3.0211,3.0122,3.0786,4.4326,4.4737,2.9855,2.9018,3.1373,2.8058,2.9073,3.1901,2.8636,2.8538,3.1934,2.9239,2.8613,79.9815,104.5351,1726060.13172192,4.67762295696639,413389.15625,88375.9037556327
393,3.1312,3.0258,3.0474,2.8051,4.5814,4.4768,3.0424,3.1035,3.0734,3.0279,2.9299,3.0105,3.1501,3.1975,2.8703,3.0752,2.9729,79.9986,104.9861,1753355.40427316,4.75159314558028,420984.15625,88598.527557348
396,3.1222,2.9172,3.1573,3.0572,4.3175,4.5913,2.8179,3.1429,2.8752,2.9259,3.0685,3.074,2.929,2.8675,2.9364,3.1076,3.1756,79.8215,104.8744,1736309.91912852,4.70539988083828,439103.15625,93318.9882624328
397,3.1423,2.9604,3.0466,2.8269,4.5528,4.3684,2.915,3.0448,3.0197,3.0878,3.1391,3.1856,2.978,3.1008,2.9418,2.8284,3.0712,80.1881,104.7374,1733244.82867474,4.69709348570856,406434.0,86528.8292082373
398,3.0641,2.9925,2.8396,3.1973,4.4865,4.3351,2.8537,3.1543,3.0512,2.9743,3.0324,3.1301,2.8461,3.102,3.0031,2.84,2.8298,79.6475,104.9278,1719093.24224956,4.65874268649632,419501.34375,90046.042887484
399,3.0784,2.8161,2.8538,2.8915,4.5559,4.3994,3.117,2.8868,2.8751,3.0371,2.8534,2.8611,2.8261,2.945,2.9717,2.8554,3.0152,80.3723,105.4679,1700724.22737428,4.60896265618429,430371.3125,93377.0448156114
400,2.9807,2.8986,2.8731,2.8489,4.5199,4.5982,3.1132,3.0267,2.996,2.8498,2.9904,2.9479,3.0129,3.1967,3.0554,2.8774,3.197,79.7326,105.0294,1735182.24777234,4.70234389146304,415919.5625,88449.4141857828
401,3.0155,3.1067,2.9166,3.0065,4.4431,4.6841,3.1959,3.1747,3.0182,3.0442,3.0245,2.8923,2.8449,3.0076,3.1012,2.9418,3.0371,80.4269,104.9259,1759223.44431467,4.76749553409276,420155.34375,88129.1530837174
402,2.8944,3.1755,2.8402,2.9371,4.4404,4.6368,2.9134,2.8405,2.82,2.81,3.1663,3.1398,2.8871,2.8974,3.0825,2.8501,3.0871,79.888,105.4895,1720344.62508629,4.66213393398384,431967.1875,92654.3925199677
403,2.9237,3.1012,3.1178,3.0453,4.5273,4.5274,2.924,3.0966,3.0654,2.9891,3.039,2.827,2.8067,2.9726,2.8807,3.1478,2.9807,79.5303,104.8406,1751189.15628661,4.74572261353672,428837.90625,90363.0366062233
408,2.8141,3.0849,2.9529,3.0386,4.3966,4.4033,2.996,3.043,3.1726,2.9153,2.9006,2.8637,2.9882,3.0938,2.8087,2.9973,3.0719,80.3701,105.3701,1732290.33999519,4.69450682138696,425611.5625,90661.6133905747
409,2.9468,3.194,2.9399,3.0395,4.6881,4.6499,3.0225,2.9099,3.0856,3.0917,3.1351,3.1196,2.8789,3.1851,2.8804,3.1477,3.1592,80.2003,104.6046,1773735.57587946,4.80682341063333,433479.5,90180.0342906474
410,3.0905,3.1314,2.8142,3.163,4.5796,4.664,2.8092,2.9133,3.1526,2.9805,2.8617,2.8707,3.1666,3.0205,3.1266,3.1933,2.828,79.8786,105.0617,1749867.68944087,4.74214143838476,422476.625,89089.8406319785
411,3.042,2.8002,2.8848,2.8296,4.399,4.409,2.833,2.8829,3.14,2.9074,3.1917,3.1759,2.8746,3.0926,3.1575,3.0974,3.1765,80.0093,104.8557,1711211.71427908,4.6373837456963,416235.65625,89756.5694528268
412,2.9746,2.9576,3.0693,3.1559,4.5364,4.6462,2.9647,2.9649,3.0836,2.9051,3.0046,2.8615,3.1087,2.8003,3.0825,3.1683,3.1268,80.0516,105.2112,1757717.19370863,4.76341359495038,428893.9375,90039.1975105129
413,3.1445,3.0039,2.8463,3.1231,4.5792,4.4204,3.1967,2.9458,3.0453,3.0028,2.8752,2.9308,2.849,2.9741,3.0382,3.1562,3.1374,79.7968,104.7399,1742943.50029745,4.7233768858061,420582.0,89042.6510880092
414,2.8856,3.0406,2.8609,3.0937,4.4336,4.5861,2.8166,3.1662,3.0001,3.0575,3.0628,3.1544,3.0198,3.1089,3.1553,2.9454,3.0063,80.2281,105.0727,1739945.82937177,4.71525319759749,416575.6875,88346.4089928941
415,3.187,2.8723,2.8149,3.0971,4.6391,4.567,3.0522,3.1296,3.1558,2.8541,3.1759,3.1798,3.0087,3.035,3.1704,3.1803,2.8519,79.576,105.4673,1753966.79030703,4.75325000173205,423233.53125,89040.8733173673
416,3.09,2.9276,2.8692,3.0399,4.4291,4.3974,3.1702,2.8317,2.9824,2.8864,3.1804,2.9498,3.037,3.0596,2.8863,3.114,3.0617,80.1484,104.5826,1723595.81156745,4.6709446493478,427366.8125,91494.7284934479
417,2.866,2.8469,2.8679,2.8044,4.3194,4.3482,2.8575,3.102,3.0142,2.9733,2.9173,3.0915,2.8304,2.9176,2.8387,3.1435,3.1351,80.391,105.382,1695761.52708921,4.59551373841177,396002.5625,86171.5544858452
418,3.0954,2.8015,2.8442,3.1644,4.6162,4.4178,3.101,3.1355,2.8095,2.8734,3.0466,3.0012,2.9788,2.9381,3.1103,3.0155,2.9806,80.3392,104.7291,1726815.21209853,4.67966922478702,433416.46875,92616.9025909573
419,2.9147,2.8813,3.1847,2.9037,4.3835,4.6144,2.9234,2.8893,3.1282,2.89,2.8366,2.9474,2.8189,2.8092,3.1206,2.9602,3.1014,80.3008,104.996,1728086.24656787,4.68311372819892,409412.8125,87423.2052138218
420,2.8721,2.8407,3.199,2.8666,4.6458,4.6275,3.1979,3.1955,2.9208,3.0561,3.0022,3.1498,2.8043,3.1481,2.9747,2.8227,3.1868,79.9049,104.6022,1761622.30516953,4.77399644700941,430675.09375,90212.6967479812
421,2.9153,2.9415,3.168,3.0891,4.6114,4.3396,3.0527,3.008,3.0576,3.1635,3.0044,3.1727,3.0959,2.8358,2.998,2.8078,3.1807,80.3331,105.4964,1750525.81559959,4.74392496027489,427349.4375,90083.5154599994
422,2.8427,2.9455,2.9402,3.0417,4.4965,4.3156,3.1312,2.923,2.9943,2.8312,3.0675,2.9158,2.9992,3.1444,2.9543,2.8539,3.1161,79.65,105.1774,1720928.46415414,4.66371613785773,418892.59375,89819.4875862273
423,2.9245,3.131,2.8718,3.0116,4.6612,4.6255,2.9761,2.9536,2.8466,3.0503,2.8375,2.9711,3.1368,2.8131,3.1229,3.182,2.9795,79.7111,104.5411,1746899.04657051,4.73409641620607,472630.65625,99835.4521534584
424,3.0558,2.838,3.1727,2.9602,4.3053,4.4925,3.0731,3.0808,2.9579,2.8627,2.8957,3.079,3.0669,3.0067,2.8476,3.0853,2.8356,79.7769,104.8561,1725302.42976232,4.67556958465589,441017.0625,94323.7084840557
425,3.0887,3.1792,2.8778,3.0901,4.6362,4.3644,3.0937,2.8895,2.8076,2.9392,2.8354,2.9406,3.1845,3.1286,3.0775,3.0496,2.9783,79.521,105.3174,1738602.10121512,4.71161169429298,431807.78125,91647.5739656209
426,3.059,3.0373,2.898,3.0575,4.377,4.6148,2.9121,2.9781,3.1625,2.95,2.8326,3.0866,2.856,3.0023,2.8832,3.1739,2.8642,79.6229,104.9862,1730989.40057139,4.69098127554846,439816.78125,93757.9485858377
427,3.0773,3.1488,2.8183,3.1491,4.3394,4.6167,3.02,2.8476,3.1967,2.8412,2.8514,2.8082,3.0971,3.0604,2.9678,2.8354,2.9833,80.3652,105.4607,1733173.57737291,4.69690039468059,427800.875,91081.5301692366
428,2.9852,2.8526,3.0444,2.9395,4.5269,4.5481,2.9973,2.8511,3.1499,2.9242,2.9915,3.1722,3.1009,3.1314,2.9779,3.1937,2.8488,80.0503,105.3732,1738058.31814222,4.71013804216541,424301.0,90082.49783799
429,2.9349,2.8712,2.8229,3.007,4.3589,4.4068,3.1974,2.8697,2.8827,3.1384,3.087,2.9313,2.8912,2.9017,2.8725,2.9516,2.9356,79.8932,105.0223,1700737.9390164,4.60899981473445,425643.75,92350.5678258579
430,3.0652,3.0155,2.8811,2.982,4.6688,4.516,2.9157,3.0272,3.058,3.0809,2.9214,3.0442,3.1933,2.8966,3.0947,2.9872,2.9658,80.0022,105.3327,1744869.69857821,4.72859688314694,432029.0,91365.1577151316
431,2.9141,2.9202,3.1023,2.9273,4.3641,4.3385,3.1932,3.0755,2.8872,2.8282,2.9078,3.0959,3.1715,2.8945,2.9765,2.8265,2.8793,79.6563,104.6535,1717728.00879339,4.65504290383008,429557.8125,92277.9491777763
432,2.9179,2.8884,2.9135,2.8912,4.5104,4.4827,2.9185,3.0063,2.9394,3.0067,2.8854,3.1584,2.8552,3.0436,2.8944,2.9559,2.8495,80.4626,104.6564,1709249.66064288,4.6320665803422,426366.5625,92046.7258198395
433,3.1787,3.0097,3.1515,3.192,4.6843,4.4974,3.0343,2.8357,2.9033,3.1805,3.1307,3.1824,3.0339,2.9219,2.8207,3.0092,2.9169,79.5385,105.2973,1755138.68008479,4.75642582302977,439521.8125,92405.9007441919
434,2.89,3.0248,3.1164,3.1898,4.6232,4.6436,2.8809,3.1796,2.874,2.9075,3.0586,3.1051,2.9527,2.8833,3.0677,3.1963,2.8944,80.3609,105.4963,1761084.80762869,4.77253982867374,424757.5625,89000.3180168404
437,3.0316,3.0828,2.9648,3.0929,4.4965,4.5974,3.1679,3.0664,3.1179,2.8865,3.183,2.8458,2.9561,2.9904,2.9392,3.1723,3.0962,80.1626,105.2608,1765273.19520157,4.78389035899625,436082.28125,91156.4121510298
438,2.8767,3.0152,3.0978,2.9752,4.5029,4.5866,3.178,3.0524,3.1632,2.9267,2.9621,3.1133,2.9343,3.0408,2.9121,3.0012,3.0944,80.4118,104.6443,1761291.68279634,4.77310046037807,434234.78125,90975.4120732679
439,2.8703,3.0554,2.8647,3.0121,4.3739,4.3653,2.8042,2.9759,2.915,3.0296,3.0239,3.0285,3.1187,2.9532,2.9865,3.1469,2.9744,79.9925,105.375,1711393.29997789,4.63787584294009,419318.6875,90411.7966284714
440,2.9526,3.1482,2.9894,3.0479,4.3785,4.4377,2.9223,2.8607,3.1375,3.1259,2.9815,2.9703,3.0936,2.8825,2.9762,2.8613,2.9488,80.3586,104.9729,1730130.4793515,4.68865359904257,435772.0625,92941.8335764846
441,2.9793,2.8564,3.1295,3.1494,4.6319,4.3303,2.9121,2.9584,2.9045,2.9359,2.8001,3.0866,2.8049,3.123,2.9635,3.1158,2.9253,79.8997,105.0305,1724656.57901829,4.67381932913957,443481.9375,94886.4100790226
442,2.9285,2.9848,2.9438,3.1245,4.552,4.6148,3.1579,3.062,2.9995,3.1975,2.9722,3.0916,3.0191,3.0901,3.065,3.021,2.995,80.009,105.3933,1759129.44339191,4.76724079159208,426941.0,89557.2551638235
443,3.0602,3.1927,2.9389,3.0653,4.3006,4.3862,2.8166,2.9578,2.869,2.9608,2.8514,3.1967,3.1366,3.0569,2.8149,2.8079,2.949,80.1143,104.8535,1711331.3947562,4.6377080797893,426784.4375,92024.8601588114
444,2.9955,3.1232,3.1861,2.8547,4.6461,4.4323,3.0597,3.1717,3.1998,3.1628,3.0955,3.127,2.88,2.9231,3.0018,2.8929,2.8477,80.4809,104.9173,1766619.28002213,4.78753824885998,444203.0,92783.1751747935
445,2.8842,3.0936,2.9425,2.8523,4.4196,4.4502,3.1465,3.1185,2.8565,3.0134,2.9128,3.09,3.17,2.8342,2.8802,2.9114,3.0036,79.5375,105.3368,1728585.67235417,4.6844671720798,415238.8125,88641.6314271326
446,3.1032,3.0303,2.869,2.8148,4.4492,4.5558,2.9029,3.1663,3.111,3.0372,2.9826,2.8396,3.1103,2.9474,3.0254,3.0606,2.8895,80.3548,105.3883,1735003.1933521,4.70185865398419,433404.21875,92177.2113210483
447,3.1924,2.9377,2.853,2.8747,4.3676,4.5494,2.855,2.9612,2.8108,2.9341,2.8242,2.9261,2.9606,2.8978,2.9464,3.1079,3.1734,80.1948,104.5252,1706213.93357758,4.62383975999524,411816.625,89063.7752118866
448,2.9157,3.0504,2.979,2.9102,4.3901,4.6662,3.1954,2.8283,2.9952,2.8749,3.0852,3.1825,2.9373,3.0942,3.0318,3.0654,2.9368,80.3738,104.5003,1741261.63488005,4.71881903052493,424023.25,89857.9172579184
449,2.9073,2.8359,2.8344,3.0606,4.4456,4.4221,3.1539,2.8346,2.8755,3.1479,3.1986,2.8638,3.0424,3.0536,2.8833,3.1248,3.0058,79.7806,105.104,1714337.20498257,4.64585382550276,435870.25,93819.1915568569
450,3.0874,2.9142,3.0941,3.0521,4.3722,4.4665,2.9898,2.858,2.8141,3.1911,3.1386,3.1858,2.8391,3.1573,2.9243,2.988,3.1891,79.9893,105.3881,1727416.06769331,4.68129754344887,438050.25,93574.5369599545
451,3.0411,3.0359,2.9841,2.8901,4.5498,4.627,2.9291,3.1572,2.9654,3.0767,2.8617,3.0342,2.8783,2.8766,2.8854,3.0749,2.8001,79.9079,105.0863,1737678.86423869,4.70910972208686,412092.0,87509.53456599
452,2.887,2.814,3.0215,2.8857,4.3429,4.4757,3.0625,3.0465,2.9333,2.9545,3.1222,3.1069,2.9547,2.9344,3.0693,3.0086,3.04,79.7701,104.643,1718593.98393983,4.65738969647695,407978.78125,87598.1628848049
453,3.1165,3.0392,2.854,2.928,4.5359,4.6348,2.9944,2.9613,2.9127,3.1957,3.0446,2.9278,2.9938,2.8703,2.8301,2.9459,2.8998,79.8458,104.7865,1729995.49816722,4.68828780003316,429799.21875,91675.0927165692
454,3.0549,2.8182,2.914,3.0718,4.4538,4.6777,2.9012,2.8445,2.8563,3.1298,2.9698,3.1577,3.0203,3.1079,3.0794,2.8773,2.8303,80.2888,105.0752,1716528.33350555,4.65179178380005,434138.375,93327.1296690223
455,2.8816,3.1726,3.0164,3.0068,4.4292,4.6016,3.1768,3.1845,2.8968,2.8659,3.0305,2.9532,3.1333,2.997,2.8786,2.9963,2.8661,79.9003,104.9732,1753409.79642268,4.75174054830545,428913.46875,90264.4966385965
456,3.0282,2.897,3.0441,3.1138,4.3442,4.4978,3.1233,2.8622,3.0449,2.9622,2.8687,3.0132,3.0148,3.0188,3.136,2.83,3.0216,80.4742,105.2931,1727841.5612915,4.68245063109997,428196.25,91447.0399657819
457,3.1279,3.1489,2.9877,2.8237,4.4679,4.3918,3.1383,3.0387,3.0458,3.0519,3.127,3.0478,2.9268,3.0818,3.0408,3.0155,2.9273,80.2666,105.0209,1744794.03950827,4.72839184706742,415298.8125,87830.8790667532
458,2.8015,3.1569,2.9564,3.1594,4.4478,4.389,2.9277,3.0896,3.1368,3.007,2.9655,2.8165,2.9859,3.1781,3.1879,2.8459,2.9575,80.2108,105.2049,1741470.09399056,4.71938395471441,411711.1875,87238.3326829602
459,3.0618,2.8079,2.9119,2.9553,4.3338,4.4272,2.8516,3.1097,2.9259,2.8352,2.9733,2.9243,2.8828,3.0448,3.0959,3.1975,2.9805,80.2166,105.4294,1705024.55672567,4.62061654872655,442934.71875,95860.5229581479
460,2.924,3.0123,2.9255,2.8877,4.4638,4.5757,2.9078,2.8324,2.9053,2.9308,2.8381,3.0787,3.0367,3.0449,2.8834,2.8491,3.1152,80.0258,105.4323,1715179.18827936,4.64813560023707,421163.40625,90609.1049126277
461,2.9399,2.868,3.0267,2.8557,4.4906,4.4155,3.1479,3.0758,3.1558,2.887,2.9096,3.1837,2.8963,2.9777,2.8944,3.071,3.1118,79.581,105.4998,1735316.76745662,4.70270843980743,412608.6875,87738.5219137454
462,3.1905,2.939,3.1512,3.0139,4.3021,4.6567,3.0148,3.1938,3.1781,2.9717,2.9789,3.068,3.085,3.113,2.8171,3.012,2.8302,80.1024,105.49,1753874.34776995,4.75299948245657,434641.84375,91445.8007736531
463,2.9487,2.8067,3.1764,3.157,4.4035,4.3209,3.0683,3.1036,2.9685,2.9437,3.0787,2.8096,2.9045,2.9614,3.1084,2.8114,2.9116,79.9845,104.615,1722777.50685464,4.66872704357608,424869.21875,91003.2252441482
464,2.8706,3.1703,3.0555,3.0139,4.4289,4.4322,3.0814,3.0309,2.8674,2.944,3.1804,3.0308,3.1754,3.1328,3.1854,2.8673,2.9521,79.7837,104.537,1746296.40342601,4.7324632532845,428518.375,90548.6956930079
465,3.0714,2.912,2.9985,2.8541,4.5071,4.4705,2.8,3.1091,2.8261,3.1782,3.0564,2.9228,3.0272,2.9347,2.9424,3.0199,2.864,80.0441,104.9647,1716981.28397131,4.65301927956226,434313.71875,93340.1932499319
466,2.9472,3.0577,2.9256,2.8238,4.5806,4.6496,2.9026,3.1857,3.176,3.0076,2.9646,3.0868,3.1683,3.0128,2.9562,3.001,3.0758,79.7373,105.2605,1758140.64217775,4.7645611403017,426611.25,89538.4144389395
467,3.1986,3.0552,2.8592,2.8213,4.5498,4.3136,3.1067,3.1491,2.8328,3.1878,2.8622,3.1651,2.843,2.9825,3.1213,3.0221,2.9997,79.5695,105.3047,1727094.28959432,4.68042552480061,412734.03125,88183.0143569227
468,2.9205,3.1066,2.9221,2.8484,4.6692,4.342,3.1256,3.0828,3.044,2.8161,3.0697,2.8563,2.906,2.8769,2.8188,3.0114,2.8117,80.0219,105.0966,1730930.93749186,4.69082284060293,412738.84375,87988.5806339574
469,2.8747,2.8834,2.8068,2.8764,4.3611,4.3139,2.8494,3.1781,3.156,3.1121,2.998,3.146,3.1737,3.16,3.132,3.1932,3.0627,79.5117,104.9386,1721346.7704525,4.66484974792627,409654.15625,87817.2242165162
470,2.8044,2.9902,2.8074,3.0616,4.3644,4.6089,2.9434,2.893,2.9615,3.1958,2.905,3.0638,2.9972,2.8015,3.1933,2.9525,2.8511,79.9038,104.9968,1713948.76787429,4.64480116093933,419518.4375,90319.9992774632
471,3.0815,2.8662,2.8904,2.8862,4.5613,4.3595,2.9563,2.9409,3.1238,2.8192,2.9798,3.045,3.1877,3.1314,2.9246,2.8286,3.123,80.3637,104.9204,1720424.33837217,4.66234995698858,416455.375,89323.0621557609
472,3.0749,2.9969,3.0062,2.8591,4.5392,4.5584,3.0324,3.064,3.1541,3.1758,2.9199,3.0454,2.8868,2.8373,2.8226,3.0007,2.8306,79.5589,105.1433,1739684.83754638,4.71454590975069,414858.59375,87995.4510342095
473,3.0478,3.1481,3.0106,2.863,4.561,4.6041,3.0603,3.1175,2.9475,3.1516,2.8259,2.9121,3.0119,3.0649,2.9842,3.0069,3.0204,80.463,105.2118,1757147.14493668,4.7618687627784,420045.125,88210.1431024984
474,3.1238,2.946,3.1001,3.0028,4.3465,4.6214,2.8631,2.838,3.0987,2.9936,3.0927,3.0819,3.0192,2.9053,3.0433,2.9192,3.0283,79.6694,105.2047,1732417.45258127,4.69485129649524,423710.53125,90250.0429707549
475,3.1471,3.174,3.0109,2.8854,4.6983,4.4001,2.9909,3.0901,3.1713,2.9655,2.835,2.958,3.0357,3.1786,2.9646,2.9553,3.0453,79.956,105.29,1760324.88991445,4.77048045166817,410533.9375,86057.147002131
476,2.8204,2.8653,3.0641,3.173,4.316,4.6812,2.9585,2.8638,2.9409,3.1987,3.192,2.8849,2.8442,2.8396,3.0846,3.0077,3.1859,79.7523,104.8261,1732192.69165391,4.69424219438209,425996.96875,90748.8261385018
477,2.9595,3.0556,3.139,2.958,4.6107,4.6585,2.9101,2.9143,2.9122,3.168,2.9004,3.0033,3.0255,2.9932,3.0485,3.1917,3.0687,80.2713,104.6222,1758776.50130214,4.76628431852879,445333.84375,93434.1751327711
478,3.1175,2.9674,3.0703,3.0523,4.4661,4.4011,2.8764,3.1517,3.0912,3.0259,2.8285,3.0404,3.1807,3.0651,3.0449,3.152,3.1224,79.8954,105.354,1749110.987127,4.74009077511418,432319.15625,91204.8263969346
479,2.8624,2.974,3.0331,3.0286,4.6264,4.5947,2.9632,3.1235,3.1713,2.9166,3.1212,3.0974,2.8023,2.9152,3.1575,2.8604,2.9559,80.4187,104.8478,1753440.67035034,4.75182421664942,425476.71875,89539.6587397355
480,3.0589,3.0668,2.8808,3.1656,4.3002,4.3402,3.1176,2.934,2.8933,2.841,2.9061,2.8101,3.0286,3.0681,2.9255,2.905,3.0437,80.4944,104.5642,1713419.35462056,4.64336645102172,423431.34375,91190.593767767
481,3.045,3.1735,3.0221,3.1449,4.6841,4.4282,2.9454,3.1914,2.9682,2.957,2.9884,2.9794,3.1428,2.8891,2.8694,3.1007,2.8253,80.3262,105.2949,1758921.49332915,4.766677246922,444464.5,93244.0937315412
482,3.1666,3.1095,3.166,2.8032,4.5537,4.6782,3.0001,2.9322,2.8722,2.8454,3.1019,3.0786,3.0996,2.9234,2.9243,2.9494,3.0937,79.6132,105.3865,1754438.00104345,4.75452698282774,428018.4375,90023.3480735107
483,3.1753,2.9585,2.8783,2.9076,4.5604,4.4807,3.1832,3.1189,3.0676,2.8573,3.1084,3.0229,2.8225,2.9903,3.1168,2.8516,2.8333,79.9635,104.6649,1735201.12226277,4.7023950413321,405866.65625,86310.6252627865
484,2.9074,3.0597,3.0134,2.9374,4.3779,4.5358,2.9215,2.8502,3.1635,3.158,2.8306,3.0452,3.0896,2.9417,2.8126,2.9778,3.0591,80.0238,104.5721,1731141.98194923,4.6913947710824,428370.875,91309.9186707679
485,2.9985,3.1914,3.1806,2.9073,4.6552,4.5827,2.9846,3.1851,2.9938,2.9593,2.8576,3.1209,3.1345,2.945,2.8012,3.0195,2.901,80.1201,104.8554,1769319.06763391,4.79485467328789,423759.8125,88378.0304877151
486,3.0967,3.1211,2.8333,3.0985,4.6726,4.5929,3.0803,2.8449,2.8309,3.0353,2.9305,2.8979,3.1709,2.9939,2.9692,3.2,3.0825,80.3359,105.0389,1751466.91106321,4.74647532898129,420575.59375,88607.9805749809
487,3.0156,2.8875,3.0315,3.1283,4.3781,4.6491,2.9094,2.9011,3.1323,2.8661,3.1189,2.9602,3.0637,3.1663,2.9831,2.9244,3.0801,80.4916,104.9389,1739482.41408096,4.7139973421594,424346.75,90018.4533845354
488,3.1739,3.1361,2.83,2.9021,4.6584,4.324,3.0662,3.147,3.0321,3.056,3.0776,2.9895,3.0777,3.0881,2.994,3.1575,2.9114,79.6415,104.8635,1748963.82964602,4.73969197834071,406995.53125,85869.6162345305
489,3.0448,2.9907,2.9235,2.8096,4.3446,4.3659,2.8728,2.8108,2.9459,3.0681,3.1459,3.1536,3.0409,2.8523,3.0766,3.0807,2.9531,80.0933,104.5116,1703913.48746621,4.61760555103343,434378.1875,94070.0072146235
492,2.9273,3.1343,3.0996,2.9619,4.5569,4.4791,3.1074,3.0052,3.1054,3.1189,3.0163,3.1387,3.1789,3.1856,3.1745,2.9185,2.8405,80.19,105.3179,1764426.56485023,4.78159599074412,423542.34375,88577.6097708514
493,2.9041,2.9328,3.1872,2.9933,4.4185,4.5171,2.981,3.1869,2.8621,2.8671,2.9575,3.0718,3.1062,2.8045,2.901,2.9486,2.9951,80.2489,105.2527,1735335.75507386,4.70275989625016,459121.1875,97628.0306945054
494,3.0764,3.1187,2.8247,2.8705,4.3181,4.5224,2.9519,3.0371,2.8198,3.1406,2.8204,2.8834,3.0044,3.1498,2.8792,2.8904,3.1721,80.1324,105.1051,1716825.064843,4.65259592572452,419679.0625,90203.2046624908
495,2.8084,2.9599,3.0842,2.8835,4.4321,4.371,2.8321,2.8836,2.8349,2.9223,2.8849,2.8864,2.8446,3.0781,2.8147,3.1998,2.9257,79.6831,104.565,1700846.52806113,4.60929409104567,417859.125,90655.7743433559
496,2.9979,3.0203,2.8958,2.8124,4.5814,4.3788,2.964,2.9446,3.0015,3.1762,3.1988,3.0762,3.1384,2.8494,2.9309,2.8754,2.8669,80.3306,104.5421,1722612.17261051,4.66827898777447,443101.9375,94917.6213890425
497,3.107,3.0535,3.1243,2.8438,4.4415,4.5995,3.1747,3.0374,2.8588,3.0505,2.8955,2.8118,2.8973,2.9129,3.0317,2.8869,3.1106,79.9461,105.3989,1744002.75707872,4.72624747168332,430678.65625,91124.8636112166
498,2.8892,2.9912,2.8713,2.9082,4.3997,4.4345,3.1768,2.9041,3.1444,3.0181,2.9084,3.0898,3.1235,3.0534,2.9215,2.8112,3.0211,79.8311,105.4418,1723993.76816928,4.67202311173876,417663.0,89396.6040002231
499,3.1358,2.8059,3.1904,2.8084,4.5457,4.6484,3.1751,3.1833,2.8494,2.9074,2.9159,3.0436,3.0188,2.9035,2.9586,2.93,2.8944,79.5613,105.0343,1743742.87789413,4.72554319909308,417855.21875,88424.8013710242
500,2.8162,2.9861,3.0956,2.9314,4.497,4.3424,3.1105,3.1151,3.1097,3.057,3.0119,3.1395,3.1815,3.0975,2.8645,3.0367,3.1001,79.5543,104.7906,1750160.99023639,4.74293628354062,433698.6875,91440.968542011
501,3.1074,2.9169,2.9233,3.0565,4.6924,4.3478,3.1967,3.0126,3.0206,3.1141,2.8874,3.1546,2.9057,2.9046,2.8259,2.8167,3.1145,79.8865,104.9496,1736940.95058897,4.70710997609611,411444.9375,87409.2467754994
502,2.9322,3.0231,2.9913,2.8385,4.4162,4.5603,2.8125,2.9491,3.1857,3.0048,2.9981,2.929,3.0817,3.148,3.1552,2.9514,3.0833,80.0516,105.394,1736026.10411423,4.70463074214956,444719.5,94528.035115633
503,2.8648,3.01,3.0666,3.0197,4.3223,4.5845,3.0186,2.9945,3.0993,3.1207,3.0071,2.848,3.1555,3.1999,3.141,3.0899,2.854,79.9389,104.899,1746566.2783073,4.73319461421278,435830.65625,92079.5977713008
504,3.1185,3.1576,3.0649,3.0431,4.5633,4.5004,2.9946,2.8274,3.1091,3.0011,3.0444,2.9965,2.8187,2.9276,2.8733,3.0811,3.1686,79.5659,105.184,1752512.61497947,4.74930918659436,428648.0,90254.810364826
505,3.1136,3.0366,2.9494,2.8752,4.5477,4.5788,3.113,2.8166,3.122,2.9032,2.8325,3.1711,3.13,2.947,2.9426,3.0635,2.9978,80.2844,105.2031,1743449.98547777,4.72474946064476,422643.9375,89453.1955652785
506,2.9399,2.9508,2.8496,3.0834,4.47,4.3614,3.0078,3.0205,2.9272,3.1768,3.0502,3.0992,2.8119,3.1191,2.8152,3.034,2.9022,80.1217,105.3695,1715330.45570904,4.64854553497151,439086.78125,94456.8097583863
507,3.0636,3.0358,2.9559,2.8724,4.521,4.6324,2.8832,3.0941,3.1395,3.1568,3.112,3.0637,3.0901,3.0079,3.0273,2.8228,3.1469,80.4208,105.1544,1753649.04374661,4.7523889085533,418925.875,88150.5876436209
508,3.08,2.9038,3.0599,3.0829,4.3274,4.5111,3.058,2.865,3.018,3.1106,2.9548,2.9034,3.1747,2.9201,2.8353,3.0764,3.0771,80.405,104.6441,1731990.54355622,4.69369437303737,425182.09375,90585.8072465118
509,3.1954,2.8091,2.986,3.0807,4.3245,4.6202,2.8282,2.8166,2.8314,3.0706,2.8804,2.9757,3.0141,3.0233,2.9432,2.9717,3.15,80.4694,104.9998,1710223.10410696,4.63470461212986,430655.0625,92919.6353469642
510,2.9228,3.0129,3.0131,2.9639,4.6306,4.3107,2.8933,3.1192,3.0226,2.8972,3.028,2.9627,3.0014,3.0295,3.1071,2.8875,3.1723,79.6285,104.7442,1737386.18185271,4.70831655282085,427848.03125,90870.7021820076
511,3.1277,3.0733,3.1176,3.1875,4.529,4.4408,3.104,3.1856,2.9727,3.0883,2.9905,3.1617,2.8062,3.1159,3.1317,3.0567,3.1085,79.9283,104.638,1768756.13692557,4.79332913106829,429184.875,89537.9522800154
512,3.0001,3.1881,3.1104,2.8286,4.5133,4.4507,2.9626,2.9687,2.9275,3.0756,3.0499,2.8621,2.9486,3.1971,3.1598,3.0077,2.8187,80.3749,105.391,1742334.79916443,4.72172730573561,418257.375,88581.4338519574
513,2.9393,2.9677,3.0178,2.8309,4.5399,4.4647,3.1522,2.9313,2.8985,2.9272,3.0448,3.1488,2.9127,3.0225,3.0126,3.1186,2.9896,79.6488,104.8943,1732679.12920405,4.69556044014296,427865.0625,91121.1915924083
514,3.0886,2.9314,2.8523,2.9872,4.5313,4.6697,3.1748,3.0675,3.0916,2.8552,2.8131,2.9704,2.934,2.8716,3.0063,2.8054,3.1906,79.5346,105.4705,1741755.95665065,4.72015864252327,431994.96875,91521.2816913008
515,3.1712,3.1443,3.167,2.8773,4.3528,4.6639,2.8828,3.1036,2.8037,3.0299,2.8819,2.9765,2.8684,3.0965,3.1256,2.807,3.0872,79.8392,105.2889,1742711.58022436,4.72274838240801,416636.875,88219.1557254989
516,2.8294,3.0064,3.0017,3.1036,4.36,4.4811,3.0022,3.1131,3.0189,3.16,3.0088,3.1647,3.0114,2.9756,3.1487,3.0833,3.1969,79.8819,104.7072,1747734.87685722,4.73636151628306,432083.15625,91226.8108683318
517,2.8561,2.9782,3.079,3.0396,4.3182,4.4602,2.8244,2.9741,2.8446,3.1385,3.1312,3.0035,3.1448,2.9545,2.9145,3.0491,3.0134,79.8786,104.9322,1720782.63938077,4.66332095272188,439998.5625,94353.0516043899
518,2.9418,2.8685,3.0029,3.0021,4.4605,4.61,3.0179,2.9924,3.066,2.8194,3.0594,2.8332,3.1412,3.0644,2.8365,3.151,3.1434,80.2666,104.7457,1741824.8100793,4.72034523531489,416469.15625,88228.5374243855
519,2.8367,2.955,2.9011,2.9737,4.3072,4.6924,2.8854,3.1728,3.0418,2.8254,3.1728,3.0587,2.9432,2.945,3.1053,2.9278,3.1973,79.8248,104.8396,1734134.6240964,4.69950483130125,412597.53125,87795.9585235186
522,3.0427,3.1543,2.8247,3.1383,4.5744,4.5863,3.1923,2.9288,3.1778,3.0957,2.9027,2.9041,3.1914,2.828,3.1678,2.8934,3.1941,80.1814,104.5306,1766018.24904548,4.78590945491324,449326.75,93885.3428450718
523,2.9837,2.8355,3.0336,3.0934,4.4802,4.3791,3.1578,2.9447,2.924,3.1263,3.1078,2.9374,2.9637,2.8123,2.9623,3.0998,3.1225,79.6085,104.7634,1730231.09654287,4.68892627163119,421638.09375,89922.0992876308
524,3.141,2.8263,3.0828,3.0896,4.6548,4.4574,3.1137,2.89,3.1032,2.8002,2.9928,2.8983,2.846,3.0008,2.8499,3.1494,3.1626,80.1216,104.6409,1745077.53903521,4.72916013078541,422384.25,89314.8547139281
525,2.9797,2.8692,3.0621,3.1434,4.5771,4.39,2.9378,2.9364,2.8395,2.804,2.9353,2.8299,3.1461,2.8763,2.9954,2.9121,2.8837,80.4867,104.7807,1716356.57576134,4.65132632031322,430508.625,92556.1002073511
526,2.8165,2.8805,3.055,2.9759,4.3403,4.6701,3.1962,3.041,3.0533,3.021,3.0325,2.8766,3.1222,2.9901,2.8015,3.1714,2.8919,80.1261,104.8218,1743206.13799756,4.7240886339734,424957.21875,89955.3864620384
527,2.8923,2.8583,3.1012,2.8909,4.3946,4.646,3.113,3.0415,3.0427,3.0573,3.1829,2.8661,3.1444,2.9037,3.0589,2.9381,2.954,80.1922,104.7164,1743321.82850863,4.72440215525839,406880.0625,86123.0795196237
528,2.8676,2.9002,3.1101,3.1695,4.3998,4.5886,2.8542,3.006,3.1316,3.1039,3.0832,2.9665,2.8762,2.8094,2.8609,2.8852,2.8718,79.9554,105.1167,1729725.34213708,4.68755567719148,418301.28125,89236.5467327361
529,2.8244,2.9234,3.1595,2.9862,4.5034,4.4569,3.0642,2.9563,3.1765,2.9828,2.8872,3.1288,3.168,3.1438,3.0519,3.109,2.8156,79.6991,104.9341,1747607.58594706,4.73601655791654,427311.65625,90225.9633226413
530,3.0891,2.9511,2.8124,3.0531,4.5269,4.3538,2.9215,2.8167,3.1071,2.8675,2.9955,3.0205,2.9057,3.1626,3.1675,2.934,3.0599,80.193,105.0508,1716100.93316167,4.65063352886813,428317.6875,92098.782852117
531,2.8007,2.8643,3.0753,3.1044,4.5558,4.635,2.904,3.0426,2.8241,2.9184,2.9929,3.0797,3.1928,2.9204,3.1884,2.9089,2.9311,79.9266,104.589,1737163.54122779,4.70771319672731,441549.65625,93792.8114560919
532,2.9117,2.8993,3.0262,3.0592,4.3931,4.5334,2.9972,2.8442,2.8376,3.0703,2.8199,2.8408,3.1092,2.9771,2.8532,3.1553,3.1411,79.5788,104.9182,1721060.87944138,4.66407498328615,444751.15625,95356.77660496
533,3.0793,2.9464,2.8839,3.0808,4.3194,4.6497,3.0255,2.8755,3.0987,3.1584,2.9581,3.1624,3.092,2.9684,2.9573,3.1939,3.0065,80.4329,104.5603,1738344.3173896,4.71091310012581,432424.8125,91792.143754138
534,2.815,2.9743,3.0224,2.9417,4.5231,4.6591,2.8331,2.8475,2.8938,3.1994,3.0347,2.8652,3.1911,3.0167,3.0152,3.0163,3.1729,79.883,104.6611,1737952.84666199,4.70985221445398,433487.03125,92038.3509953199
535,3.1405,3.1799,2.8275,3.0889,4.5662,4.3681,2.8191,2.9764,2.9376,3.1071,3.0301,3.0191,3.1134,2.8912,3.1459,3.1351,3.0115,80.2428,104.5433,1736737.23995201,4.70655792026994,430769.15625,91525.3065079232
536,3.1617,3.1328,3.199,3.0078,4.5259,4.5997,3.0658,2.947,3.1127,3.1995,2.9851,2.8093,3.0285,2.9653,3.0047,2.8513,2.8497,80.3644,104.9545,1763557.10612717,4.77923975760463,438150.375,91677.8394100912
537,3.0998,2.898,3.0459,3.0635,4.6136,4.311,3.1406,2.9398,2.9036,2.8781,2.9483,2.8492,2.8197,2.8184,2.8641,3.0647,3.062,79.9806,105.2949,1723776.36095387,4.67143393818499,422387.65625,90419.2720777535
538,2.9186,2.9543,3.0139,2.8698,4.5082,4.4151,2.9636,3.1985,2.9355,2.8408,3.0169,2.986,3.0877,3.0767,3.0917,3.1218,3.1865,79.6905,105.1254,1739749.832539,4.7147220461807,437017.6875,92692.1424464501
539,3.1148,3.1987,3.0224,3.0295,4.5542,4.667,3.1396,3.1812,2.925,2.9297,2.9965,3.1347,3.0963,2.8103,2.9018,2.9519,3.1291,80.0193,104.9026,1772672.09417679,4.80394137521909,437098.84375,90987.5474344367
540,3.1127,3.167,3.008,3.0718,4.634,4.4304,3.0932,3.1684,3.0279,3.0443,2.8466,3.1067,3.0624,3.0484,3.0936,3.1911,3.1495,80.0106,105.3461,1774698.73014707,4.80943355869856,439945.59375,91475.5528651174
541,2.8433,2.8575,2.9405,2.9395,4.5606,4.3294,2.8351,3.1703,3.0048,2.9569,3.1758,2.968,2.938,3.1714,2.9211,3.0986,2.8757,80.479,104.9314,1718930.80358125,4.6583024777052,415363.75,89166.3330124966
542,2.9565,2.8049,2.8134,3.1572,4.4711,4.3894,3.1993,3.1855,2.8232,3.1123,2.966,2.9615,3.1492,2.8957,3.0044,3.0046,2.8588,79.5243,104.8269,1719799.90344339,4.66065773833159,434819.375,93295.7104796233
543,3.1318,3.0435,2.8749,2.9794,4.5864,4.5216,3.1727,2.8732,2.9406,2.9955,3.0109,2.9034,3.1588,2.8958,2.9606,2.8708,3.1273,80.2835,104.6897,1740287.47262764,4.71617905082091,426569.4375,90448.100655922
544,2.995,2.8047,3.064,3.0019,4.5723,4.6664,2.8732,2.856,2.9361,3.0761,2.849,3.0549,2.9013,3.1638,2.8659,3.1359,3.1371,79.8604,104.6941,1734158.20887156,4.69956874604194,439167.09375,93448.3816456297
545,2.9117,2.8835,3.02,2.9622,4.6829,4.466,3.1461,3.092,2.8657,2.8675,3.0759,3.029,2.8316,3.0175,2.8071,3.1691,2.979,79.5888,105.3016,1738332.66314326,4.71088151711824,419146.65625,88974.1452267308
546,2.9648,2.8574,2.8302,3.1883,4.5472,4.4809,3.1643,2.9359,2.8211,2.8607,3.0647,2.8951,2.8708,2.9696,2.8779,3.1073,3.037,79.6964,105.213,1719911.64528262,4.6609605587159,424724.4375,91123.7999441498
547,3.0438,2.9532,3.0332,3.1189,4.5591,4.3818,2.9342,2.9454,3.0398,3.1963,3.0825,3.1433,3.1246,2.8897,3.1483,2.951,2.8332,79.6872,104.5084,1737287.30623227,4.70804859988945,427187.25,90735.5225708653
548,3.1448,3.1269,2.9197,2.9833,4.573,4.6075,2.9546,2.8179,2.9491,2.8346,2.9918,2.9345,3.1097,2.8041,3.0482,2.8622,2.8097,80.4633,105.1343,1730032.3217533,4.68838759195143,424654.6875,90575.8491957887
549,2.9009,3.0293,3.1639,2.8856,4.6455,4.5832,2.935,2.8028,3.1682,3.0053,2.9073,2.8944,3.1179,3.0774,3.1784,3.0127,2.9292,80.0024,104.7252,1754529.26749932,4.75477431492315,423368.125,89040.635150912
550,3.159,3.1132,3.0961,2.9835,4.4054,4.3146,2.8783,3.0946,3.089,2.9625,3.1074,2.9081,2.9859,3.0326,2.8315,3.1932,3.0426,80.0968,105.3225,1741033.00107261,4.71819943290677,424124.78125,89891.2365365418
551,2.9416,3.0048,2.8634,2.9743,4.4433,4.6638,3.0976,2.8069,2.9271,3.1908,2.8668,3.1226,2.9944,2.9738,2.9183,3.1771,2.86,80.0376,105.0032,1728791.57940522,4.68502518018815,430198.40625,91824.1396159846
554,2.8889,2.9146,2.9999,2.9584,4.483,4.4983,3.1246,3.0429,3.125,3.1197,2.8469,2.9213,3.03,3.0483,3.106,3.0904,3.1877,79.7181,105.1913,1748320.59822312,4.73794882118465,436848.125,92201.9509891568
555,2.9777,3.0715,2.916,2.876,4.3965,4.5726,3.1644,2.9704,3.0994,2.8627,3.1349,2.8106,3.0283,3.182,2.8642,2.9743,3.0323,80.2888,105.1662,1740521.47885804,4.7168132077053,421443.375,89349.176327682
556,2.9007,3.1225,2.8358,2.9741,4.3561,4.6208,2.9151,2.9361,2.8685,2.8887,2.9103,2.9598,2.8707,3.1915,3.0957,2.8334,2.8362,80.2485,104.9067,1712288.24341259,4.64030113964812,425307.15625,91655.0765673479
557,2.9187,2.8242,3.1266,3.0083,4.5327,4.3975,2.8611,2.8439,3.1194,3.0259,2.9266,3.1229,3.1153,2.8242,3.1014,3.1522,2.9098,80.4387,105.2462,1726643.82235372,4.67920475857857,431061.9375,92122.9054380912
562,2.891,3.0592,2.9595,2.9634,4.5637,4.6487,3.1073,2.9043,3.1212,2.9597,2.8332,3.159,3.171,2.8711,2.9953,3.0006,3.0032,79.9247,104.7828,1752382.03083476,4.74895530356221,443518.3125,93392.8167669457
563,2.8584,3.1586,2.8139,3.0018,4.69,4.5298,2.9029,2.9917,2.9192,3.1873,2.8994,2.9841,3.156,2.8759,2.8794,3.0026,2.9341,80.1576,105.0629,1738123.12980131,4.71031368176155,443730.875,94204.1029492658
564,3.1417,3.0894,3.1137,2.9365,4.3826,4.5433,2.8783,3.1301,3.1077,3.1587,2.9686,3.0324,2.9761,2.9579,2.9118,2.8288,3.0067,79.8704,104.7719,1745105.98349009,4.72923721525815,425469.71875,89965.8231093353
565,3.039,3.1748,2.9056,3.0098,4.568,4.5492,2.8243,2.9242,2.9987,3.1125,2.8594,3.1586,3.1071,2.9843,3.14,2.9584,3.0514,80.4044,105.0342,1744560.04432793,4.72775772012869,430010.6875,90954.4678377248
566,2.8669,2.8253,3.0973,3.1843,4.423,4.5468,2.9573,2.9917,3.1411,2.8409,2.8603,3.0693,3.1907,2.9796,3.12,2.9884,3.0726,80.1046,105.3474,1741349.03765958,4.71905589205745,421454.96875,89309.1708151503
567,3.0438,2.8277,3.0856,3.1886,4.6799,4.5062,3.1383,2.8366,3.0082,3.1123,3.1315,2.8306,3.1581,2.9613,3.0643,3.1874,3.1422,80.4197,104.5018,1761149.8207979,4.7727160143623,429708.0,90034.2695242921
568,3.073,3.0095,3.0983,3.1459,4.5569,4.4835,2.9952,2.9208,3.023,3.0084,3.0548,2.9755,3.1357,2.9097,3.1466,2.8293,2.8565,80.4516,105.3403,1745209.46402373,4.7295176475043,427751.5625,90442.9572698008
569,3.0747,2.9991,3.1686,3.0234,4.6198,4.324,3.0405,3.1452,3.045,2.8998,3.0031,2.8597,2.8426,3.0914,2.9202,2.9733,2.928,79.6866,105.4781,1745533.39891891,4.73039551107025,423399.90625,89506.2379581461
570,3.0694,2.831,3.0024,3.0608,4.521,4.5681,3.1727,3.1288,2.8031,2.8619,2.8386,3.1745,3.0849,3.08,3.0081,2.9277,2.9216,80.1974,104.9065,1736341.6722254,4.70548593173082,429877.1875,91356.59817856
571,3.0219,2.9407,3.1551,2.9529,4.6211,4.6554,2.9469,2.9581,2.8063,2.8997,3.1111,3.1884,3.0859,3.1094,2.9547,2.8267,2.8256,80.0279,105.3795,1741491.86024761,4.71944294127103,425417.875,90141.5443080719
572,3.0397,3.1877,2.9728,3.1184,4.4004,4.5941,3.1611,3.1478,2.8007,3.1012,3.167,2.9087,2.8197,2.9592,2.8361,3.194,3.129,80.3475,104.7867,1758036.53678532,4.76427901468823,429108.1875,90067.8121867052
575,3.0435,3.1212,2.8208,2.8214,4.5523,4.608,3.148,2.8408,3.042,2.9996,3.1057,3.1658,3.1465,3.0619,3.1788,2.8496,3.1545,80.2827,104.9478,1749643.17906336,4.7415330152617,408315.09375,86114.5735853247
576,3.095,2.9853,2.9116,3.0303,4.5085,4.6951,3.1304,2.8952,2.8621,2.8184,2.9429,3.0963,2.8858,3.0883,2.9255,2.9667,2.987,79.6142,104.868,1734263.56316804,4.69985425618539,428925.125,91263.4949127411
577,3.1912,3.1458,3.0529,2.8846,4.5566,4.4823,3.0349,3.1425,3.1416,2.8414,3.1552,3.1302,2.9725,2.9148,3.0932,2.9027,2.9793,80.1512,105.3507,1759731.50523497,4.76887237918678,418145.5625,87682.2714579133
578,3.0065,3.025,3.0468,3.0114,4.5056,4.544,3.0136,2.9682,2.8871,2.918,2.9965,3.0569,3.0625,2.9655,2.9217,3.0428,3.097,80.0884,105.494,1741443.60372289,4.71931216608902,441804.0625,93616.1980711123
579,2.9242,3.0945,3.0996,3.0509,4.6466,4.3677,2.9205,3.0064,2.8778,3.1932,3.1236,2.8594,2.9058,3.1557,2.8203,3.0843,3.147,79.5558,104.5768,1747949.38027268,4.73694282053898,432261.09375,91253.1795561798
580,2.975,2.9136,2.8857,3.1794,4.3731,4.6417,3.1578,2.9418,2.986,3.012,2.9599,3.083,2.9356,2.8057,3.1462,3.0695,3.1481,79.9745,105.1229,1738702.9505123,4.71188499588834,422419.8125,89649.8562398296
581,2.9954,3.1851,2.9232,2.942,4.5538,4.6973,2.856,2.9074,2.9217,2.9945,2.949,2.9307,2.8499,3.0446,3.0541,3.1172,2.9857,79.5975,104.8854,1741877.13709154,4.72048704151808,442057.3125,93646.5471914181
582,2.9684,2.8389,3.0254,3.0099,4.5248,4.3637,3.0684,2.9018,3.0907,3.0213,2.8244,3.1045,3.0101,3.0974,3.1429,3.1788,2.9817,79.9071,105.0345,1731912.76616748,4.69348359631386,419688.1875,89419.3361684724
583,3.1343,2.9599,3.0744,2.9612,4.5743,4.4376,3.0602,3.1608,2.8627,2.9618,2.8,2.8955,3.1912,2.8585,2.9396,2.9876,3.1326,80.4004,104.8577,1743638.31546095,4.72525983489917,445973.25,94380.6828793187
584,2.8269,2.8906,2.8794,3.0419,4.3614,4.6321,3.1233,2.8968,2.9694,2.9177,2.9967,3.1848,3.1549,3.0855,3.1277,2.9219,3.0925,79.528,105.1844,1729811.3634184,4.68778879486387,418442.1875,89262.1672628387
585,3.1929,2.9383,2.8468,3.0314,4.5814,4.3157,3.1622,3.1123,2.9316,2.886,2.9904,3.0544,2.8795,3.018,2.8306,2.8483,2.9208,80.2075,104.8125,1720620.82818359,4.66288244437752,419754.15625,90020.3171015253
588,2.9415,3.1379,2.8765,3.0485,4.3663,4.5891,2.8368,2.8001,3.0304,3.1459,2.9725,2.8739,3.1086,2.9878,2.8067,3.1402,2.9738,79.6319,105.3474,1725559.1099132,4.67626518786477,417570.46875,89295.7204038865
589,3.0165,3.0333,2.8201,2.9883,4.3994,4.6129,2.8518,3.0102,2.8504,3.1679,3.1115,2.9558,2.8338,2.8026,3.0526,3.0375,3.1603,79.9761,105.1103,1722205.84624513,4.6671778433243,429495.625,92024.6965978228
590,2.8138,2.9976,3.0558,2.8005,4.4021,4.491,2.9703,3.1406,2.9503,2.8578,2.8877,3.1386,3.1234,2.993,2.8437,3.022,3.1245,79.8721,105.2254,1730405.9460528,4.68940011380308,422267.21875,90047.1720267741
591,3.0964,2.887,3.0889,2.8981,4.5495,4.477,2.8978,3.1217,3.1562,2.9013,2.9592,2.9468,2.9848,2.8787,2.9345,2.9967,3.1473,80.0827,105.1531,1740852.42486043,4.71771007137177,416742.78125,88335.8186377111
592,3.0733,3.0077,3.088,2.9522,4.3297,4.6149,3.151,3.0094,2.8267,2.9953,3.0804,3.0703,2.9934,3.1635,2.9596,3.1244,2.9831,80.3675,104.9318,1744701.16181115,4.72814014850821,456218.5,96490.0543703094
593,3.1158,3.1735,2.9788,3.114,4.6574,4.546,2.8534,2.8364,2.903,3.1143,2.8654,2.961,3.013,3.0593,3.0942,2.8087,3.0427,79.7367,105.1156,1743752.89338775,4.72557034108081,429905.40625,90974.2899206689
594,3.1223,2.912,2.857,2.8841,4.6323,4.4711,3.1129,3.1792,2.8633,2.8251,2.8463,3.0764,3.1816,3.0918,2.8335,3.1419,2.8692,79.927,104.631,1732917.02217245,4.69620513008734,423726.9375,90227.5189780987
595,3.0209,2.8683,2.8221,2.9138,4.3028,4.6473,2.9352,2.8846,2.9884,2.8412,2.9662,2.8905,2.9688,2.9355,3.1965,2.9602,3.1352,79.6645,105.3851,1708365.93502755,4.62967168392466,417981.625,90283.2108918939
600,2.8817,3.1013,2.8278,3.0466,4.5625,4.5206,2.8363,2.8968,3.1394,2.9959,2.8279,2.9137,3.0434,3.0217,3.0835,2.9609,2.8386,80.3734,105.0071,1727595.77510924,4.68178455054603,423892.6875,90540.8360687084
601,2.8857,3.0497,3.0274,2.9034,4.4668,4.5055,2.9581,2.9219,2.941,2.9021,2.9264,2.8774,2.9586,2.9237,3.1383,3.0256,2.9705,80.0353,104.9868,1725876.44052998,4.67712515383626,419352.53125,89660.3185625768
602,2.9342,2.9086,2.9624,3.0448,4.5257,4.4697,2.8464,3.0997,2.9648,3.0719,2.84,2.8265,2.881,3.1153,3.197,2.9613,3.0492,80.3345,105.4776,1727042.43116641,4.68028498846098,422808.15625,90338.1219930866
603,2.846,2.9658,2.9953,3.0928,4.5793,4.4172,2.9397,2.9665,3.0598,3.103,3.0148,2.9346,2.8087,3.1542,3.0472,2.8389,3.1817,80.0255,105.3409,1735574.38171034,4.70340657443503,428797.4375,91167.4189151948
604,3.0385,2.9229,2.8976,3.0012,4.3284,4.5473,2.9576,2.8215,2.8531,2.806,3.0871,3.0929,2.9072,2.9543,3.1843,3.0488,3.0168,79.9551,104.6076,1708681.59370862,4.63052711895036,427655.0,92355.576161044
605,3.0035,3.1507,3.1967,2.995,4.4155,4.591,2.8635,3.039,3.1124,3.1749,3.0608,3.0685,2.9909,2.9029,3.1872,3.1788,3.0555,79.9598,104.6394,1767382.36768406,4.78960621642381,435362.1875,90897.2821204216
606,2.8958,2.9414,3.085,3.1217,4.658,4.3298,3.1529,2.8668,2.8881,3.122,2.8218,3.1845,2.9588,2.8611,2.8931,2.9838,2.9842,79.574,105.3647,1732000.05994871,4.693720162461,424986.53125,90543.644814814
607,2.949,2.8281,2.9224,3.0142,4.3013,4.3089,3.1364,2.8783,2.973,2.9706,2.819,2.8915,3.1346,2.8252,3.1154,2.9884,3.1809,80.1347,104.7676,1704986.66127798,4.62051385206332,438708.21875,94947.9284764165
608,3.0786,3.1234,2.8879,2.9381,4.5421,4.3206,3.0246,2.9656,2.9732,2.9701,3.0494,2.9111,2.8684,3.1017,3.1851,2.9049,2.8347,80.2259,104.9401,1723845.6288844,4.67162165427674,428404.34375,91703.5615154768
609,3.1683,2.9851,3.1627,3.103,4.5887,4.6518,2.9941,2.9588,2.8386,2.8806,3.051,2.9177,2.9195,2.8494,2.8744,2.9338,2.9134,80.0786,105.0532,1744428.71632648,4.72740182124476,434835.8125,91981.9869226823
610,3.11,2.8161,2.9408,3.128,4.5348,4.673,2.8662,3.1862,2.8461,2.897,3.1678,3.1377,2.9145,3.0838,2.8633,2.922,2.9282,80.0167,105.1825,1732296.18605327,4.69452266420435,431980.75,92018.0348246789
611,3.0233,2.8096,3.0292,2.9245,4.3378,4.6267,3.1106,2.9839,3.0917,3.0652,3.0361,3.1138,2.9433,2.9086,2.8667,3.1102,3.1346,80.4543,104.8763,1736522.21964165,4.70597521522888,426020.875,90527.6495340147
612,3.0958,3.0416,2.9097,3.039,4.6764,4.6675,2.9915,2.8442,2.947,3.1771,3.1461,3.0501,3.146,3.0553,2.9878,2.8001,3.0908,79.6282,104.531,1753144.02066073,4.75102029599059,430987.59375,90714.7448125433
613,3.0483,2.9902,3.0401,2.8853,4.5924,4.4715,2.9978,3.032,3.1149,2.8227,2.9336,2.8182,3.1651,2.9305,3.1911,3.1682,3.1576,79.539,104.727,1752637.93105475,4.74964879315836,429204.8125,90365.5893712076
614,3.0218,2.8426,3.0578,2.928,4.4614,4.6882,3.1341,2.862,3.0855,3.0745,3.1008,3.0906,3.0966,3.1411,2.9591,2.8776,3.0384,80.3247,105.1986,1746512.83588114,4.73304978523789,420523.71875,88848.3615916293
615,2.8574,3.0436,3.138,2.9096,4.5558,4.4913,2.8482,3.0874,3.1403,2.9141,2.838,3.1371,2.9075,2.8682,3.1005,3.0852,3.1511,80.2161,104.5917,1749755.43224981,4.74183722139698,415538.71875,87632.4300789851
616,3.1026,3.1185,2.8612,3.0868,4.3614,4.5799,2.8018,3.1933,3.0606,2.9524,3.1551,2.9925,2.9875,2.9785,2.8373,3.1633,2.9446,79.5664,105.2073,1739322.03580705,4.71356271703709,407442.96875,86440.5531886325
617,3.05,2.9262,3.1149,2.9535,4.4808,4.4572,3.1333,2.8215,2.9366,3.1645,3.1768,3.1926,2.9011,2.8623,3.1943,2.9967,3.0645,80.3135,105.1551,1738912.7691452,4.7124536043835,432364.3125,91749.2985178289
618,2.9217,3.0025,2.8134,3.1071,4.6828,4.5744,2.94,2.9869,3.0513,3.0336,3.1711,2.8857,2.8814,2.9493,3.1303,3.0269,2.8178,80.0282,104.5546,1739396.90189566,4.71376560413723,420643.15625,89237.1813907772
619,3.0307,2.9487,3.0781,3.1334,4.6781,4.3724,3.1123,2.9981,2.957,3.0107,3.0475,2.9844,3.1119,2.9061,2.8398,3.0182,2.9193,80.1583,104.9905,1745937.90874055,4.73149173268689,424893.5625,89801.1845956908
620,2.9103,3.1798,2.9313,3.04,4.3584,4.4346,2.9548,2.938,3.1327,3.0403,3.1415,3.1736,3.1007,3.199,3.0261,2.9174,2.8221,79.8134,105.2652,1736277.7109398,4.70531259664686,411993.09375,87559.1334874537
621,3.0098,2.9728,2.8585,2.8647,4.5268,4.4839,3.0438,2.9908,2.8849,2.8269,3.0885,2.9124,3.0521,3.0846,3.0367,2.8555,2.9344,79.9741,105.2815,1718285.21235934,4.65655292549382,420797.0625,90366.6444326679
622,3.0838,2.8658,2.8445,2.8013,4.6385,4.4569,3.0607,3.0762,2.8179,2.9532,3.0145,3.0262,3.0475,3.0428,2.8305,3.1013,2.912,80.1841,104.7232,1719912.23929228,4.66096216848207,422131.375,90567.4321612172
623,2.8769,3.0163,2.8883,3.0727,4.4878,4.6103,3.0906,3.1889,3.0368,3.11,2.8174,2.8069,2.9651,2.8834,2.8411,3.011,2.9103,79.8927,104.7319,1740764.18954013,4.71747095365376,417334.34375,88465.6944049157
624,2.8894,2.8911,3.0332,2.9977,4.6383,4.3732,2.9691,2.988,2.904,2.8898,2.8858,2.9646,3.1439,2.8434,2.839,3.0455,3.1508,79.5584,104.6502,1726547.82663481,4.67894461018034,431207.28125,92159.0908154351
625,3.1121,2.8773,2.9623,3.0287,4.637,4.3223,3.1925,3.1476,3.0829,3.1116,2.9468,2.8141,2.8534,3.1838,2.9701,3.1136,2.882,80.0334,105.2457,1742889.07530366,4.72322939407291,427528.25,90516.0885339375
626,2.9379,3.1282,2.9574,2.8701,4.6294,4.6724,2.9533,3.1038,3.1082,3.155,3.0667,2.9036,2.936,2.8652,3.0453,3.024,3.011,79.6099,105.1853,1760414.54624261,4.77072342031747,417314.9375,87474.1419137288
627,2.8389,2.9406,2.9999,2.9994,4.4305,4.4499,3.1728,2.9498,3.1092,2.8131,3.0036,3.0173,3.0146,2.938,2.9416,2.963,3.1722,80.0456,105.434,1734322.44385863,4.70001382285689,426260.1875,90693.3901826056
628,2.966,2.9049,2.9702,2.8193,4.6242,4.4425,3.0674,3.1868,2.8776,2.848,3.0719,3.0464,3.0001,2.9341,3.0856,3.0632,3.1569,80.3307,105.3381,1738992.54050733,4.71266978477486,415556.1875,88178.5074020102
629,2.8644,2.9749,2.8951,2.8918,4.3157,4.5608,2.9647,3.1056,2.9817,3.0084,2.9937,3.1645,2.8559,2.8615,2.895,3.0172,3.1674,79.6472,105.3278,1720726.04677268,4.66316758675395,410339.15625,87995.7986960616
630,3.198,2.8094,3.1287,2.9838,4.6167,4.3862,2.9553,2.8269,2.9554,2.93,2.8602,2.8192,2.876,2.8735,2.8851,2.8143,2.9074,80.1579,105.1323,1709633.11714544,4.63310574746415,418262.0625,90276.8219199246
631,2.8145,2.8493,2.8776,2.8011,4.3461,4.3675,2.9279,2.9767,3.1978,2.9948,2.973,3.1046,2.8421,2.9601,2.8966,2.9195,2.8145,79.6063,104.9577,1692768.18173074,4.58740177249031,429152.78125,93550.2932887935
632,3.1295,3.0572,2.9819,2.9613,4.5531,4.608,3.1746,2.9819,2.8137,2.8526,2.9117,2.9643,2.8121,3.0322,3.0079,2.8944,3.0419,79.5061,105.3155,1738826.94428075,4.71222101900082,435151.0,92345.2016035252
633,3.1763,2.8736,3.0517,2.8595,4.4933,4.399,2.8558,2.9608,2.9145,2.8106,2.9609,3.0939,2.9437,2.9606,3.1356,2.9918,3.0194,80.0758,104.5555,1714122.0918441,4.6452708688975,417859.875,89953.8233169111
634,2.9281,2.8974,3.1199,2.8745,4.6421,4.334,2.8836,2.8403,3.0312,2.8243,3.0564,2.872,2.8808,2.952,3.1358,2.8458,2.9345,79.8882,105.4411,1714631.52963497,4.64665144531077,412356.375,88742.6956493874
635,3.1004,3.178,3.094,2.9783,4.5958,4.405,2.9444,3.0272,2.8407,3.008,3.0684,2.989,2.9803,3.0973,2.9941,3.1958,2.8228,80.0533,104.9781,1747467.93543078,4.73563810501741,431548.59375,91127.8658081525
636,2.9553,3.0152,2.8979,2.9997,4.5401,4.3536,2.9057,3.0598,3.1203,2.8566,2.9644,2.8069,2.9672,2.9191,2.9723,3.0463,2.964,80.0473,105.2429,1723693.56374625,4.67120955775233,420022.71875,89917.335875658
637,2.8816,2.9552,2.9577,3.0633,4.3218,4.4784,2.8651,2.8729,2.8367,3.1401,2.8768,2.9461,2.9073,3.0021,3.0553,3.1303,3.1102,79.881,104.7488,1710394.92348562,4.63517024264603,437356.15625,94356.0070838587
638,2.8518,3.085,3.1817,3.1514,4.6954,4.4505,2.9181,3.0117,2.8718,3.0968,3.17,2.8303,3.1013,3.0413,3.1485,3.0228,2.9958,79.9005,105.3958,1761628.62050232,4.7740135615613,434542.15625,91022.3966996623
639,2.9932,2.951,2.9887,3.1513,4.6194,4.5943,3.1585,3.0436,2.8197,2.888,2.9907,3.1409,2.8546,3.1767,2.9066,3.0522,3.0881,80.2775,105.2114,1751416.57150622,4.74633890878186,438139.125,92310.9650238709
640,3.0028,2.8082,2.9484,2.9254,4.3627,4.4158,2.9672,2.9793,3.0287,2.8505,3.1894,2.8085,3.1035,2.9693,3.0337,2.8926,3.1908,80.3484,105.0433,1713520.73669199,4.6436411964353,425527.625,91636.6288865421
643,2.9949,2.9387,3.0927,2.8135,4.6005,4.4348,2.8685,2.8658,2.8767,2.9995,3.171,3.0312,3.1701,3.1638,3.0107,2.9141,2.8496,79.7934,105.237,1723839.58729175,4.67160528156063,421724.375,90273.9742727398
644,3.1417,3.0642,3.1474,3.1727,4.6041,4.3333,2.8113,3.0601,3.0569,3.1308,3.0459,2.9333,2.807,3.0088,2.8914,2.9951,3.0294,79.7158,104.8411,1746367.17191904,4.7326550359006,423074.5,89394.7470903067
645,3.182,3.0054,2.9747,2.8452,4.5697,4.4917,2.8548,2.891,3.1569,2.8048,2.9976,2.9563,3.024,3.0576,2.8235,3.1029,3.0785,79.5147,105.3348,1733098.42807149,4.69669674007375,425126.375,90516.0368078873
646,2.9731,3.1649,2.8478,2.8069,4.522,4.6801,3.0679,3.1087,3.0474,2.8316,3.0825,2.9253,3.091,3.073,3.198,2.8151,2.9499,80.3257,104.9181,1750766.28151742,4.74457662291222,417002.21875,87890.2907239897
647,3.1768,3.1354,3.1895,3.1023,4.647,4.3464,3.171,3.0437,2.8085,3.058,3.0806,2.883,2.8523,3.0268,3.1762,2.8573,3.1062,80.0184,104.5677,1761019.18778283,4.77236199889146,426326.09375,89332.304181667
648,3.144,3.0283,3.0963,3.0503,4.5846,4.4799,2.9734,2.8939,3.1771,3.0552,2.875,2.8013,3.0545,2.9169,2.8848,3.176,2.9541,80.3585,105.2722,1750795.84611316,4.74465674296665,440576.625,92857.4286544751
649,3.1552,2.9595,3.0579,2.8804,4.3531,4.5163,2.8295,3.0048,2.9835,2.8633,2.9141,2.88,2.8001,2.872,2.8419,3.0786,3.1278,80.2184,105.1144,1716010.2421283,4.65038775616769,411232.25,88429.6690000944
650,3.1747,3.0632,2.8104,2.8675,4.4652,4.4553,2.8388,2.8665,2.9648,3.0012,3.0763,3.1117,3.0406,2.8922,3.0903,3.0476,2.9619,80.4703,105.0013,1715529.94794109,4.64908615892035,409608.5,88105.1643265572
651,2.9054,2.9636,2.942,3.072,4.4872,4.6269,2.9199,2.9097,2.8569,2.9266,2.9961,3.0743,3.0353,2.8777,3.1222,3.0434,3.1259,79.5048,104.6239,1731232.24354608,4.69163938000988,447415.34375,95364.3934477031
652,3.1927,3.0113,2.8762,3.049,4.6453,4.4611,2.9329,2.9588,3.0809,2.9884,2.9925,2.9108,3.1909,3.1715,2.9817,3.039,3.1398,79.7489,104.7476,1748444.35763535,4.73828420919179,427478.78125,90218.0541261612
653,3.0345,3.1654,3.1693,2.9659,4.4862,4.3902,3.0033,3.1189,3.0004,3.0076,2.8665,3.142,3.097,3.0949,3.0469,3.037,2.9189,80.0091,104.5107,1755328.59116893,4.75694048206779,441850.125,92885.3591222426
654,3.0022,3.0829,2.8097,2.9107,4.4169,4.3274,3.1142,3.1038,2.8898,2.9983,2.8773,3.0217,3.0934,2.9458,3.045,3.0208,3.171,79.8102,105.492,1724303.48111037,4.67286243380911,431910.71875,92429.5814113931
655,3.0639,2.8325,3.0589,2.879,4.3494,4.497,2.9658,3.1731,2.8656,3.1413,2.9204,3.1952,3.1053,2.8758,3.117,2.9002,2.8067,80.0556,104.7978,1718987.40802047,4.65845587573546,438647.90625,94161.6531208954
656,2.9677,2.9675,3.064,3.1757,4.6169,4.6181,3.199,2.9807,3.1724,2.8753,3.1584,2.9731,2.8334,3.1751,3.0357,2.8951,2.8281,79.8311,105.0551,1762555.9093018,4.77652651420788,425819.5,89148.358903356
657,2.9679,3.1926,3.0576,3.0702,4.6536,4.459,2.8074,3.0097,3.03,2.9742,3.0885,3.1455,2.9117,3.1637,3.0153,3.0634,3.1794,80.3389,104.8619,1761613.65431334,4.77397300318915,426252.59375,89286.7625068787
658,2.8395,2.9154,3.1479,2.8917,4.6649,4.4932,2.8883,3.1662,3.1128,2.8979,2.816,3.1461,3.0487,3.046,3.0606,2.9837,3.1991,80.198,105.3043,1754865.88509381,4.75568654860423,421512.75,88633.4172136959
659,2.9466,2.999,2.9468,2.9918,4.4943,4.5578,3.1288,2.8351,2.8161,2.9986,3.0334,2.9855,3.0782,2.9036,2.9591,3.1413,3.0495,79.8065,105.0423,1732083.14086807,4.69394531175248,430017.59375,91611.1213893657
660,3.1053,3.1231,2.9107,2.8846,4.5543,4.6412,2.8458,2.8477,2.8666,3.0974,2.8804,3.0532,2.936,3.1618,3.1448,3.0013,3.1576,79.6394,104.8648,1737688.95944259,4.70913708008943,418409.46875,88850.5604389953
661,3.1055,2.8668,3.0411,2.8661,4.3547,4.3482,2.9923,2.8871,3.1305,2.9853,2.941,3.1835,3.0987,2.8317,3.0848,3.1161,3.0339,79.5951,105.2618,1719107.51881098,4.65878137597776,418120.25,89748.845514831
662,3.059,2.9629,2.8318,2.8793,4.5326,4.461,2.8583,3.0333,3.143,2.9884,3.059,3.014,3.0272,2.8124,2.9752,2.9178,2.813,79.9599,104.626,1717072.77706873,4.65326722585625,408168.875,87716.6204278957
663,2.9874,3.1744,3.1184,3.1664,4.4726,4.3146,3.1291,2.9651,2.8091,2.8801,2.8686,3.0822,2.8351,2.8841,2.936,3.1226,3.1359,80.363,105.3862,1740120.60514258,4.71572683993639,431696.90625,91544.0866069806
664,3.0771,2.8201,3.0236,2.835,4.5096,4.5427,2.8896,3.0192,2.9507,3.0478,3.0804,2.9399,3.1911,2.9619,2.9897,3.0004,2.9265,80.2327,104.536,1725920.23330095,4.67724383224556,428404.28125,91593.3179058406
665,3.0206,3.0837,3.1168,2.9541,4.5081,4.5201,2.9482,3.0151,2.9405,3.1291,2.8977,2.9536,3.1144,3.0599,3.1001,2.9723,3.1873,80.0195,104.918,1753559.24836189,4.75214556306073,438469.71875,92267.7373686326
672,2.972,3.18,3.0316,2.8046,4.6081,4.6551,3.1474,2.8924,3.1895,2.9839,2.8344,2.8065,3.0253,2.9389,3.0139,3.1783,2.8438,80.016,105.2456,1761428.4666961,4.77347114474643,462523.0,96894.4790855271
673,2.837,2.9906,2.8655,3.0116,4.5236,4.6084,2.9435,3.1239,3.0028,3.0576,3.0293,2.8313,2.8335,3.1234,3.1099,3.0299,3.0602,79.7851,105.488,1739274.42588398,4.71343369414558,415666.0625,88187.5272831963
674,3.1342,3.046,3.0012,2.802,4.6418,4.3705,3.1754,2.9597,2.9691,2.8586,2.9331,2.9785,3.1547,3.0993,3.0261,2.9294,2.8326,80.2191,104.9338,1737061.01606838,4.70743535354531,421594.59375,89559.2954733802
675,2.8543,2.9551,3.1466,2.9251,4.4654,4.4883,2.9188,3.0872,2.8748,2.8762,2.8892,2.9165,2.9685,3.0436,2.9698,3.1112,2.9204,79.5444,104.8181,1727764.58822902,4.68224203410064,430646.1875,91974.3542438891
676,2.9125,2.9706,2.9269,2.807,4.3334,4.4064,2.8427,2.9817,3.1878,2.897,2.8909,3.0829,2.9908,3.0381,2.8556,2.9511,3.0508,79.756,105.4701,1708198.88539944,4.62921897943249,436255.28125,94239.499835344
677,2.9047,2.8028,2.9625,2.8766,4.5409,4.3303,3.041,3.0005,3.1573,3.0114,2.8236,3.026,2.8705,2.9466,3.0241,2.8855,2.958,80.1855,105.4918,1712602.83729883,4.64115368907983,402722.125,86771.9864454317
678,3.0628,3.1775,3.0707,2.8942,4.5002,4.6017,3.144,2.9204,3.1869,2.8289,3.1983,3.1029,3.0179,2.827,3.1269,2.9598,2.9198,79.5783,105.4553,1761511.8855872,4.77369720994131,445767.625,93379.9538168615
679,3.0534,2.9355,3.1185,3.0625,4.5671,4.4303,2.9263,3.1412,2.8258,3.1422,2.9481,3.146,3.1674,3.0526,3.0164,2.9411,3.0429,80.1173,104.8906,1745086.81888896,4.72918527918909,435214.53125,92027.3800997338
680,2.9035,2.8052,2.8094,2.9695,4.5875,4.5077,3.0104,3.1875,2.9552,3.1219,3.0279,3.0205,3.0773,3.1392,3.16,2.9995,3.0843,79.5371,105.1299,1735133.94350756,4.70221298690547,431561.03125,91778.2823644512
681,2.835,2.8212,3.0681,3.1782,4.5507,4.5085,2.8269,2.9053,3.146,2.9981,3.0615,2.8166,3.0382,3.0967,2.9322,3.0941,3.1251,79.6203,104.8003,1737956.87610697,4.7098631342499,430112.625,91321.6823376972
682,2.9447,3.0822,3.1175,2.9129,4.5726,4.6179,3.0937,3.0371,3.1618,2.9621,3.1723,2.833,3.0115,3.0497,2.8118,2.9815,2.9814,79.73,104.6397,1764239.59608033,4.78108930537769,425824.46875,89064.3201897609
683,2.8863,2.8361,3.0929,2.9545,4.4938,4.3342,3.0292,2.9492,3.144,2.935,2.9686,3.0375,3.058,2.8903,3.1014,2.9202,3.1573,79.5978,105.1443,1728415.38852887,4.68400570291324,428844.4375,91555.063059227
684,2.9036,2.9302,3.1012,3.1492,4.5245,4.4148,2.892,2.8321,2.8935,2.8908,2.9898,2.9066,2.9289,3.035,3.0733,2.913,2.8871,79.502,104.6567,1716875.33769741,4.65273216515997,424967.09375,91337.1065999
685,2.9966,2.8425,3.0968,3.0426,4.492,4.5143,2.8768,3.0979,3.1344,2.9879,2.818,3.0903,2.8719,3.1974,2.9611,2.9254,2.8972,80.1364,104.6336,1733374.07154203,4.69744373387889,426218.90625,90734.2227807914
686,2.8955,2.9517,2.9772,3.1442,4.5808,4.5958,3.0618,2.9978,2.8144,3.0686,3.0211,2.9277,2.9408,3.1236,3.0174,3.0328,2.9977,80.1514,104.6751,1743078.97145606,4.72374401264592,432733.875,91608.239955749
687,3.0838,2.8055,2.9144,2.9703,4.4126,4.5795,3.0451,3.1922,3.1476,3.0018,3.1725,2.8165,3.0745,2.8712,2.8147,2.9484,2.938,80.2659,104.6092,1732638.72432041,4.69545094290832,427589.8125,91064.6959576484
688,2.9018,2.8608,2.8348,3.0737,4.5884,4.3197,3.0569,2.9171,3.0675,3.0443,2.8003,3.068,2.9216,3.1469,2.895,3.1529,3.0491,79.5208,104.8252,1719874.36543208,4.66085953032094,417187.125,89508.6243826947
689,2.898,2.9842,2.9019,3.036,4.3041,4.4205,2.9908,3.1364,3.1303,3.1493,3.1064,2.9235,3.1484,3.1382,2.9434,2.8866,3.0125,80.3715,105.1918,1731590.53769771,4.6926103571608,415263.75,88493.123953136
690,2.9067,3.1871,3.0987,2.8457,4.4043,4.4762,3.1133,2.8492,2.853,3.0019,3.0859,3.091,2.9969,3.0564,3.167,2.9203,2.947,80.1519,104.6504,1736726.94088071,4.70653000978673,430935.40625,91561.1725313374
691,3.0191,2.8714,2.9185,3.1897,4.6373,4.3565,3.1383,2.9282,3.0603,2.8776,3.0757,2.8222,3.0771,3.121,3.134,3.1942,2.9734,80.3579,105.0907,1742685.95907445,4.72267894909175,434750.8125,92055.9744133379
692,2.9243,2.8324,3.1457,2.9355,4.4396,4.6857,2.897,3.093,3.1473,2.8261,3.0237,2.9465,3.1577,3.048,2.8692,2.9397,2.9228,80.1079,105.0125,1741570.44342464,4.71965590168078,432154.15625,91564.7592224043
693,2.9992,3.0789,2.8249,3.0472,4.5464,4.3352,3.0591,2.8527,3.1535,3.0372,3.0128,2.8752,3.1121,3.0723,3.1656,2.9583,3.1315,79.5058,105.2255,1736754.26681276,4.70660406306258,435340.0625,92495.5778448729
694,3.014,3.1308,3.1842,2.9779,4.474,4.3899,2.9815,2.8084,2.9394,2.8506,2.9,2.9956,2.905,3.1877,3.0114,2.8008,3.133,80.3814,105.3352,1732994.8138279,4.69641594547362,431178.59375,91810.1375082775
695,2.9875,2.9385,2.8914,2.8688,4.3181,4.5665,3.1994,3.1137,2.9354,2.994,2.8886,3.0186,2.9607,3.1961,2.9088,2.9413,3.1874,80.3483,105.2535,1730644.53338856,4.69004668548301,425869.3125,90802.7874899803
696,2.9166,2.9309,3.1543,2.866,4.508,4.333,2.9661,3.1827,2.8121,3.1173,3.0926,2.8031,2.8837,3.1905,3.1743,3.0047,3.1224,80.1585,105.1993,1734962.06606173,4.70174719902728,426219.21875,90651.2410616587
697,3.0379,2.8801,2.9776,2.8104,4.6311,4.5536,3.1249,2.9821,3.0927,3.1059,3.0245,2.8856,2.936,2.8154,2.8813,3.1763,2.9737,80.3137,104.586,1741497.83649595,4.71945913690402,420084.15625,89011.0803089983
698,3.1227,3.0882,2.9367,2.8558,4.4109,4.683,2.8905,3.1172,3.0017,2.975,2.8785,3.1967,2.8373,2.8991,2.9528,3.0423,2.9639,80.305,105.2754,1736261.47968008,4.70526860993301,409386.875,87006.0583014895
699,3.1734,3.0606,2.8506,2.8538,4.366,4.6172,3.059,2.9351,3.1511,3.0939,2.9497,3.121,3.0428,2.8013,3.191,3.0882,3.1338,79.7226,105.025,1742871.78272691,4.72318253118993,423611.09375,89687.6398387419
702,2.9922,2.9992,2.9959,2.8983,4.6401,4.3443,3.023,3.0233,3.0388,2.9235,3.0285,3.1872,2.8287,2.9253,3.1889,2.9524,3.1968,79.9915,104.9116,1739898.00170679,4.7151235846254,414610.53125,87932.060275561
703,2.835,2.9299,2.9165,2.8467,4.6229,4.5487,2.9837,3.0077,3.084,3.0598,3.1148,3.1135,3.09,2.908,3.1077,2.8085,3.0908,79.9296,104.6228,1738747.2816303,4.71200513321811,412405.53125,87522.3009293167
704,3.0417,2.976,3.0082,2.8717,4.5096,4.4929,3.054,3.1714,2.8316,2.8413,3.1787,2.9355,3.1805,2.8901,3.1113,2.926,2.9088,80.2417,104.8732,1735870.14491639,4.70420809272341,417750.875,88803.6555283742
705,2.8644,2.9041,2.9134,2.9054,4.3359,4.5288,2.9522,3.0823,3.0972,3.1314,2.8193,2.8126,2.9639,3.0411,3.1296,3.1474,2.9799,79.8779,105.2865,1723155.50928963,4.6697514301749,408083.625,87388.725310528
706,3.1776,3.1433,3.0246,2.9094,4.4658,4.566,3.0733,2.8961,3.0151,3.0615,3.1624,3.1247,3.0779,2.8049,3.0987,2.8636,2.9448,80.2916,104.9393,1747876.9332201,4.73674648902647,411143.0625,86798.6208365778
711,2.8325,3.1128,2.9959,3.0864,4.4658,4.345,3.0553,2.8874,2.8913,2.921,2.9145,2.9999,2.9095,2.9218,2.917,2.8735,2.885,80.3679,105.2093,1715598.20635363,4.64927113921833,419406.75,90209.1397643274
712,3.1782,2.9317,2.9739,3.1464,4.6532,4.662,2.9176,2.9622,3.0892,3.151,3.1137,3.0898,3.1324,2.9986,3.1782,2.806,2.8343,79.7298,104.7283,1755183.70557148,4.7565478420987,421204.84375,88552.6347537282
713,2.838,3.1495,2.8075,3.1734,4.3135,4.479,3.0637,3.1923,2.8311,2.918,2.8147,3.1387,2.8776,3.0479,2.9746,3.1013,2.9772,79.8488,104.8428,1726951.45827549,4.68003845192657,424706.5,90748.5065267288
714,2.8991,2.8717,2.9755,2.8836,4.6807,4.5609,3.0051,3.1795,3.1795,3.0829,3.1558,2.9318,3.1246,2.8909,3.1325,3.1747,2.9861,79.8889,104.6576,1760685.49093549,4.77145768043519,412142.90625,86376.7288432515
715,3.0763,2.8347,3.1563,2.9418,4.3896,4.457,3.1272,3.134,3.1864,3.1732,3.1005,3.019,2.816,3.1054,3.1357,2.8383,2.9339,80.0026,105.1225,1744079.9271422,4.72645660255537,424163.15625,89742.3147862345
716,3.0458,2.9577,3.0976,3.1474,4.497,4.3521,2.9345,2.9526,3.0167,3.0669,3.0989,2.9596,2.9164,3.1817,2.8766,2.806,3.0971,80.4491,104.6989,1733142.07780446,4.69681503085009,420518.125,89532.613534472
717,2.8327,2.918,2.8859,2.9565,4.3645,4.4393,2.8827,3.1716,2.9586,2.8777,3.1074,2.9581,3.1657,2.8555,2.9273,3.1761,2.8308,79.5967,105.1249,1712863.06672421,4.64185891082261,416823.6875,89796.7162526558
718,2.8176,2.9121,2.9297,2.9802,4.393,4.3288,3.0063,3.0069,2.9745,3.0018,2.8157,3.0334,3.0332,2.8781,2.895,2.9532,2.914,80.119,104.7132,1703238.62842413,4.61577668302938,425835.3125,92256.4807057607
719,2.9586,2.9582,2.9964,2.9466,4.5964,4.4167,3.0769,2.96,3.0749,3.1391,3.0031,2.9818,2.8404,2.9806,2.8398,2.8985,3.1036,79.8491,104.7745,1734539.48951503,4.70060201658572,428541.75,91167.418234499
720,2.9897,2.8247,3.1769,3.1788,4.6406,4.3356,3.1108,2.9118,2.9827,2.971,3.1635,3.0607,2.9649,2.9352,3.0189,2.9319,3.0371,79.8938,105.1123,1741652.11598971,4.71987723433212,420966.46875,89190.130982203
721,3.1792,2.9761,3.145,2.9758,4.6221,4.5247,2.8322,3.087,2.822,3.0474,3.0714,2.8327,2.8583,3.013,3.094,3.1786,2.8685,80.3184,105.0685,1743342.11308577,4.72445712646243,436901.9375,92476.6435180125
722,2.9459,3.0492,2.9871,2.93,4.632,4.5997,3.117,2.9645,3.0477,3.1528,2.9709,2.8005,2.8757,2.926,2.9942,2.9273,2.9892,79.5478,104.5713,1748502.80953004,4.73844261382641,431175.03125,90995.0940403636
723,3.1576,3.0648,3.0421,2.9,4.6566,4.348,2.81,2.9017,2.9036,2.8156,2.8174,3.0479,3.1001,2.926,3.0814,3.0092,3.0076,80.3315,104.6877,1725987.10246632,4.67742504768374,438026.90625,93647.0177040915
724,2.9949,2.952,3.163,2.8811,4.4904,4.6059,3.092,3.0689,2.8664,3.183,3.0974,2.9609,3.0145,2.833,2.8734,2.8442,3.0212,80.2958,104.6468,1744029.99169326,4.72632127748873,421053.5,89086.9399855359
725,3.0808,2.9879,2.8287,3.0736,4.359,4.4594,2.9594,3.0592,3.1464,3.1469,3.048,3.1426,3.1741,3.0198,2.8419,3.0263,2.8506,80.0203,104.761,1729639.67369211,4.68732351570561,429538.84375,91638.40351765
726,2.9054,3.1347,2.9425,3.067,4.37,4.3039,3.1462,3.0172,3.0884,3.0898,3.1363,2.8373,2.8449,2.8634,2.8201,2.8667,3.0545,80.3117,105.4922,1727732.52995665,4.68215515618251,420854.0625,89884.6895204416
727,2.8141,2.8516,2.8315,2.9138,4.5457,4.4613,2.8897,2.8564,2.8982,3.1512,3.1799,3.0259,2.9579,3.0294,2.9211,2.8775,3.0939,79.8092,105.4926,1705352.94850346,4.62150649044438,411982.75,89144.6870953946
728,3.117,3.0014,2.9068,3.1963,4.5168,4.3352,3.1473,3.1377,3.0583,3.1817,2.8172,3.0561,3.0948,2.9431,2.9314,2.9245,3.1994,80.4505,105.2925,1748473.92530586,4.73836433757888,419812.28125,88598.5651041153
729,2.8417,3.0764,2.9183,2.9152,4.6312,4.5085,2.8397,2.9798,3.1934,2.9179,3.1083,3.0806,3.0595,3.1596,2.9533,3.0206,3.1846,79.9865,105.2132,1749554.41579799,4.74129246681255,455351.5625,96039.5431598679
736,2.8278,2.8648,3.036,3.1144,4.5182,4.4638,3.172,3.1686,3.1474,3.0299,2.9749,3.1861,3.1709,3.0642,3.1814,3.1646,3.0806,80.1531,105.0686,1764789.55427844,4.78257969209456,438065.53125,91596.0756438846
739,2.8347,2.8747,3.0696,2.9057,4.4959,4.4925,2.9159,3.045,3.0973,3.0332,3.0273,2.8676,2.872,3.0548,3.1681,3.0412,3.1977,80.0627,105.3831,1737571.53489875,4.70881885957562,419937.28125,89181.0226243969
740,2.8654,2.9707,3.0311,3.179,4.5121,4.5607,2.813,2.9788,3.0431,2.8716,2.9104,3.1525,2.8799,3.0171,3.0172,3.1234,3.1549,80.047,104.7629,1741113.92992008,4.71841875008342,410349.65625,86967.621566599
741,3.0675,3.1205,2.8067,3.1951,4.5331,4.4215,2.8522,3.0911,3.0249,3.0315,2.9413,2.8647,3.0399,3.0224,2.897,3.0801,2.8564,79.8392,105.3153,1732023.61318195,4.69378399172309,423669.03125,90261.7231634621
742,2.8344,2.9815,3.1528,2.9641,4.44,4.5969,2.9427,3.0223,2.8202,2.8439,3.1341,2.8177,3.0305,3.1339,2.8431,2.953,3.0052,79.9239,105.2568,1732955.57495909,4.69630960813914,430060.875,91574.2169670127
743,3.1987,2.8652,2.9027,3.1943,4.4904,4.4174,2.8965,2.8852,2.9774,3.0236,3.188,3.1171,3.1829,3.1516,3.1252,3.018,2.842,79.6458,105.1378,1726009.76226217,4.67748645573048,427137.4375,91317.7283446125
744,2.985,3.0059,2.9747,2.9136,4.6811,4.3658,3.0536,3.0768,3.0305,2.8813,2.8098,3.1319,2.8362,3.0056,3.1894,2.9744,2.9863,79.7986,105.0658,1737704.83403271,4.70918010022865,408061.5625,86652.3585454264
